#id	nana1257	oroc1248	udih1248	cent2414	kuro1242	biki1239	orok1265	ulch1241	jurc1239	manc1252	xibe1242	even1260	solo1263	even1259	hiss1234	sout3321	ilim1234	ilim1234.2	negi1245	oroq1238
fire_1	to	toː	toː	tawa	toː	tao	tawa	tawa	ta	tuwa	tua	tog	tɔg	togo	towo	toγo	togo	togo	togo	tɔgɔ
nose_1	?	?	?	?	?	?	hurigan	?	?	?	?	?	?	?	?	?	?	?	?	?
nose_2	?	ŋikso	ŋœ	?	?	?	?	waksa	?	?	?	?	niːnʃa	?	?	?	?	?	?	?
nose_3	?	?	?	?	?	?	?	?	suŋgi	?	?	?	?	?	?	?	?	?	?	?
nose_4	?	?	?	?	?	?	?	?	?	?	?	oŋat	?	oŋokto	oŋokto	oŋoktɒ	oŋokto	oŋokto	oŋokto	ɔŋɔktɔ
nose_5	ofurə	?	?	oporo	oforo	oforo	?	?	?	oforo	ovur	?	?	?	?	?	?	?	?	?
go_1	ənə	ŋənə	ŋənə	ənə	ənə	ənə	ŋənə	ŋənə	gəniə	gənə	gənə	ŋen	nənə	nənə	gənə	ŋənə	ŋənə	ŋene	ŋənə	ŋənə
water_1	?	?	uli	?	?	?	?	?	?	?	?	?	?	?	?	?	?	?	?	?
water_2	mukə	muː	?	muə	mukə	mukə	mɵː	muː	mukə	mukə	muku	mo	mu	muː	muː	muː	muː	mu	muː	muː
mouth_1	amŋə	amma	aŋma	aŋma	amŋa	amga	aŋma	aŋma	aŋga	aŋga	aŋ	amŋa	amma	amŋa	amŋa	amŋa	amŋa	amŋa	amŋa	amŋa
tongue_1	iləŋgu	iŋi	iŋi	siŋmu	iləŋgu	sirmə	sinu	siɲu	iləŋgi	iləŋgu	iliŋ	ienŋe	iŋi	inni	inni	?	?	?	iɲɲi	iŋŋi
tongue_2	?	?	?	?	?	?	?	?	?	?	?	?	?	?	?	tsoliː	soːliː	tsoli	?	?
blood_1	səksə	səːksə	sakæ	səːksə	səksə	səːksə	səːksə	səːksə	ʃəŋgi	səŋgi	siŋ	?	ʃəːʃʃi	səːksə	səːksə	hoxsə	hoːkʃə	sekse	soːksə	ʃəːkʃə
blood_2	?	?	?	?	?	?	?	?	?	?	?	huŋel	?	?	?	?	?	?	?	?
bone_1	giamsə	giamsa	gæma	germaksa	giramna	girmasa	girapsa	geramsa	giraŋgi	giraŋgi	giraŋ	?	girand	giramda	geramda	giramda	giramda	giramna	?	geramna
bone_2	?	?	?	?	?	?	?	?	?	?	?	ikeri	?	?	?	?	?	?	iːhəj	?
2SG_1	tsi	si	si	sisin	si	si	siː	si	ʃi	si	si	hiː	ʃi	siː	si	hiː	hiː	si	siː	ʃiː
root_1	da	?	daː	daːtsan	?	daːca	daːta	daːtsa	da	da	?	?	?	?	?	dagasan	?	?	daː	?
root_2	?	ŋiŋtə	ŋiŋtə	?	?	?	?	?	?	?	?	ŋeːŋte	niːnt	niːntə	ŋiŋtə	?	ŋiːntə	ŋiŋte	niŋtə	?
root_3	?	?	?	təhə	?	təhə	?	təhə	?	?	?	?	?	?	?	?	?	?	təhən	təkən
root_4	?	?	?	?	?	?	?	?	?	?	fulxo	?	?	?	?	?	?	?	?	?
root_5	?	?	?	?	muiktə	muihtə	?	?	?	?	?	?	?	?	?	?	?	?	?	?
come_1	əmə	əmə	əmə	?	əmə	di	?	?	?	?	?	em	əmə	əmə	əmə	əmə	əmə	eme	əmə	əmə
come_2	?	?	?	dʒi	?	?	?	di	diu	dʒi	dʒi	?	?	?	?	?	?	?	?	?
come_3	?	?	?	?	?	?	sinda	?	?	?	?	?	?	?	?	?	?	?	?	?
come_4	?	?	?	?	?	?	?	?	iʃi	?	?	?	?	?	?	?	?	?	?	?
breast_1	tiŋən	tiŋə	tiŋə	tuŋən	tiŋən	tuŋgə	tuŋə	tuŋgə	tuŋgə	tuŋgən	tuŋun	tiŋen	?	tiŋən	?	?	?	?	?	?
breast_2	?	?	?	?	?	?	hosoptu	?	?	?	?	?	?	?	?	?	?	?	tiŋən	?
breast_3	?	?	?	?	?	?	?	?	?	?	?	?	?	?	hikən	hikon	hikɒːn	hiken	?	?
breast_4	?	?	?	?	?	?	?	?	?	?	?	?	həŋgər	?	?	?	?	?	?	kəːŋtirə
breast_5	?	?	oko	kun	?	?	quːn	?	gugu	xuxun	xuxuŋ	okan	?	?	?	?	?	?	?	?
rain_1	tigdə	tigdə	tigdə	tugdə	tigdə	tugdə	tugdə	tugdə	?	?	?	?	?	?	tjgdə	tigdə	tigdɒ	?	tigdə	tegdə
rain_2	?	udu	?	?	?	?	?	?	?	?	?	udan	uduŋ	udun	?	?	?	udun	?	?
rain_3	?	?	?	?	?	?	?	?	aguad	agaːd	ahaːd	?	?	?	?	?	?	?	?	?
1SG_1	bi	bi	bi	mimin	mi	bi	biː	bi	bi	bi	bi	biː	bi	biː	bi	bi	biː	bi	bi	biː
name_1	gərbi	gəbbi	gəgbi	gərbu	gərbi	gərbi	gəlbu	gəlbu	gəbu	gəbu	gəv	gerbe	gəbbi	gərbiː	gərbiː	gərbiː	gərbiː	gerbi	gəlbi	gərbi
louse_1	?	?	?	?	?	ɲilkə	?	?	?	?	?	?	?	?	?	?	?	?	?	?
louse_2	kuməkə	kumə	kumugə	?	kuŋkə	?	?	?	?	?	?	kumke	huŋkə	kumkəː	kumkə	kumkoː	kumkə	kumke	kumkə	kumkə
louse_3	?	?	?	tsiːktə	?	tsiktə	tsiktə	tiqtə	tihə	tsihə	tsixə	?	?	?	?	?	?	?	?	?
wing_1	?	?	?	?	?	?	?	?	?	?	?	?	dawe	?	?	?	?	?	?	?
wing_2	dəhsə	dəktisə	daktæ	?	dəktənə	dəgdəcə	?	?	?	?	?	deːtle	?	dəktiləː	dəktjləː	dəktəndə	dəktəndə	?	?	?
wing_3	?	?	?	hasar	hasar	hasara	hasa	χasal	?	asha	ash	asiki	?	?	asakiː	?	?	asaki	asahiː	aʃakeː
meat_1	?	?	?	?	?	?	?	?	jali	jali	jəli	?	?	?	?	?	?	?	?	?
meat_2	ulsə	uktə	ulə	uliksə	ulə	uləksə	ulisə	ulsə	?	?	?	ulre	uldə	uldə	ullə	uldə	uldə	ulle	ulə	ulə
arm_hand_1	majən	?	?	?	?	?	?	?	?	?	?	?	?	?	?	?	?	?	?	?
arm_hand_2	nala	ŋaːla	ŋala	ŋaːla	ŋala	nana	ŋaːla	ŋaːla	gala	gala	gal	ŋaːl	naːl	naːla	ŋaːlə	ŋalə	ŋaːla	ŋale	ŋala	ŋaːla
fly_1	dʒinkun	?	?	dʒiluəktə	dʒiləkun	diluktə	dʒiːluwə	?	dərhuə	dərhuwə	durvo	diliken	?	?	?	?	?	?	dirkoːn	dilkəːtsəːn
fly_2	?	giluwə	?	?	?	giluktə	?	giːluqtu	?	?	?	?	gilhoŋ	?	gilkə	?	?	?	?	?
fly_3	?	?	gobʔo	?	?	?	?	?	?	?	?	?	?	?	?	?	?	?	?	?
fly_4	?	?	?	?	?	?	?	?	?	?	?	?	?	ujmikəːktə	?	?	?	?	?	?
night_1	dolbu	dobbo	dogbo	dolbo	dolbo	dolbo	dolboni	dolbo	dobori	dobon	dœviri	dolba	dɔlbɔn	dolbo	dolboniː	dolbomi	dolbo	dolboni	dolbon	dɔlbɔ
ear_1	tsian	sæː	?	sean	san	sæː	seːn	seː	ʃan	ʃan	san	?	ʃeːŋ	siːn	seːn	heːn	heːn	sen	seːn	ʃeːn
ear_2	?	?	kuʔai	?	?	?	?	?	?	?	?	korat	?	?	?	?	?	?	?	?
neck_1	məifən	moŋo	mœ	moŋon	moŋon	moŋo	moŋo	moŋgo	?	məifən	mivin	?	?	?	?	?	moŋoːn	moŋon	moŋon	?
neck_2	?	?	?	?	?	?	?	?	?	?	bilha	?	?	?	?	?	?	?	?	?
neck_3	?	?	?	?	?	?	?	?	?	?	?	ɲikan	niham	nikinma	nikimna	ɲikimɲa	?	?	?	nekemna
far_1	?	?	?	?	?	?	?	?	?	?	?	tege	?	?	?	?	?	?	?	?
far_2	goro	goː	goː	goro	goro	goro	goro	goro	goro	goro	ɢoro	gor	gɔrɔ	goro	goro	goroloː	goroloː	gorolo	gojo	gɔrɔ
do_make_1	ou	oː	oː	?	?	o	?	?	?	?	?	oː	ɔː	oː	oː	o	oː	ode	oː	ɔː
do_make_2	?	?	?	ta	ta	?	to	ta	?	?	?	?	?	?	?	?	?	?	?	?
do_make_3	?	?	?	aŋo	aŋgo	aŋgo	andu	andʒo	?	?	?	?	?	?	?	?	?	?	?	?
do_make_4	?	?	?	?	?	?	?	?	ara	ara	arə	?	?	?	?	?	?	?	?	?
house_1	dʒo	dʒuːg	dʒugdi	dʒoː	dʒoː	dzoː	duhu	dʒoː	?	?	?	dʒuː	dʒu	dzuːg	dʒuː	dʒuktsaː	dʒuː	dʊ	dʒoː	dʒuː
house_2	?	?	?	?	?	?	?	?	?	?	?	?	?	?	?	?	guːlə	?	?	?
house_3	?	?	?	?	?	?	?	?	bo	boː	bo	?	?	?	?	?	?	?	?	?
stone_rock_1	?	?	?	?	?	?	?	?	uhə	wəhə	vəxə	?	?	?	?	ihə	iːha	?	?	?
stone_rock_2	dʒolo	dʒolo	dʒolo	dʒolo	dʒolo	dzolo	dʒolo	dʒolo	?	?	?	dʒol	dʒɔl	dzolo	dʒolo	?	?	djɵlo	dʒolo	dʒɔlɔ
bitter_1	gotsikuli	gotisi	guaci	gotseseː	gotisi	gotsisi	gotstsuːli	gotole	goʃo	gosihon	ɢoshun	got	guʃedde	?	gətsiptsu	?	?	?	gotigdi	guteː
say_1	həsu	?	?	?	?	?	?	?	?	?	?	?	?	?	?	?	?	?	?	?
say_2	?	gun	gunə	un	unə	un	un	wən	xəndu	həndu	?	goːn	gun	?	guːn	gun	guːn	gun	guːn	geŋna
say_3	?	?	?	?	?	?	?	?	?	sə	si	?	?	?	?	?	?	?	?	?
say_4	?	?	?	?	?	?	?	?	?	?	?	?	?	cuːgibor	?	?	?	?	?	?
tooth_1	iktələ	iktə	iktə	huktə	iktəl	huktələ	iktə	iqtə	wəihə	wəihə	vix	iːt	iːtt	iːktə	iktə	iktə	iktə	ikte	iktə	iktə
hair_1	?	?	?	?	?	?	?	?	funhə	funijəhə	fənjx	?	?	?	?	?	?	?	?	?
hair_2	nʉktə	ɲuktə	ɲuktə	nuktə	niruktə	nuktə	niruktə	nuqtə	?	?	?	ɲuːrit	nuːtt	nuːriktə	ɲuriktə	ɲuriktə	ɲuːriktə	nʊriktel	ɲijuktə	ɲuriktə
big_1	?	?	?	?	?	?	?	?	?	?	?	?	?	?	?	?	?	?	?	khu
big_2	?	?	?	daːi	?	daːi	daːji	daːe	?	?	?	?	?	?	?	?	?	?	?	?
big_3	?	?	?	?	kəːtə	?	?	?	?	?	?	?	?	?	?	kətə	kəte	?	?	?
big_4	?	?	?	?	?	?	?	?	amba	amba	ambu	?	bɔŋgɔŋ	?	?	?	?	?	?	?
big_5	?	?	?	?	?	?	?	?	?	?	?	egdʒen	əddəgu	həgdəgə	həgdj	həgdiː	həːgdə	hegdu	əgdiŋoː	əgdəŋə
big_6	sagdi	saːgdi	sagdi	?	?	?	?	?	?	?	?	?	?	?	?	?	?	?	?	?
big_7	?	?	?	?	?	?	?	?	?	?	?	tsele	?	?	?	?	?	?	?	?
one_1	əmkən	omo	omo	əm	əmun	əm	?	omo	əmu	əmu	əmkən	omen	əmuŋ	umun	umuːn	umukoːn	umukoːn	umuken	omun	umun
one_2	?	?	?	?	?	?	geːda	?	?	?	?	?	?	?	?	?	?	?	?	?
who_1	ni	ɲi	niː	uj	niː	ui	ŋui	ŋuj	?	?	?	ɲiː	?	niː	ŋiː	niː	ŋiː	ŋi	niː	niː
who_2	?	?	?	?	?	?	?	?	?	wə	və	?	awu	?	?	?	?	?	?	?
3SG_1	?	?	?	?	?	?	?	?	?	?	?	?	tari	?	?	?	?	?	?	?
3SG_2	niani	nuŋaɲi	nuani	ɲoaniɲoancaseni	ɲoancaseni	jaːɲi	noːni	naːni	?	?	?	noŋan	?	nugan	nuŋan	nuŋan	nuŋan	nuŋan	noŋan	nuganen
3SG_3	?	?	?	?	?	?	?	?	?	tərəbor	tər	?	?	?	?	?	?	?	?	?
3SG_4	?	?	?	?	?	?	?	?	?	?	ər	?	?	?	?	?	?	?	?	?
hit_beat_1	tantə	?	?	?	?	?	?	?	?	tanta	tandə	?	?	?	?	?	?	?	?	?
hit_beat_2	?	paːtinda	?	paːtsela	fatala	?	?	paːtela	?	?	?	patul	?	?	?	?	?	?	?	?
hit_beat_3	?	?	duktə	?	?	?	duhin	?	du	du	?	duw	?	?	?	duktə	?	?	duktə	?
hit_beat_4	?	?	?	?	kətkilə	?	?	?	?	?	?	?	?	?	?	?	?	?	?	?
hit_beat_5	?	?	?	?	?	?	?	?	?	?	?	bagak	?	?	?	?	?	?	?	?
hit_beat_6	?	?	?	?	?	?	?	?	?	?	?	iet	?	?	?	?	?	?	?	?
hit_beat_7	?	?	?	?	?	?	?	?	?	?	?	?	munda	?	?	?	?	?	?	muŋdaː
hit_beat_8	?	?	?	?	?	?	?	?	?	?	?	?	?	sukə	?	?	?	?	?	?
hit_beat_9	?	?	?	?	?	?	?	?	?	?	?	?	?	?	kolto	?	kolto	kolto	?	?
hit_beat_10	?	?	?	?	?	tokan	?	?	?	?	?	?	?	?	?	?	?	?	?	?
leg_foot_1	bəgdələ	bəgdi	bəgdi	bəgdʒi	bugdji	bəgdi	bugdʒi	bəgdi	bətiə	bəthə	bətk	boːdel	bəldiːr	bəgdiːr	?	?	?	?	bogdi	?
leg_foot_2	?	?	?	?	?	?	?	?	susha	?	?	?	?	?	?	?	?	?	?	?
leg_foot_3	?	?	?	?	?	?	?	?	?	?	?	?	?	?	halgan	halgan	halga	halgan	?	algan
horn_1	gujan	?	?	?	?	?	?	?	?	?	?	koːje	?	?	?	?	?	?	goja	?
horn_2	?	ijə	ie	hujə	jə	?	hujə	hujə	wəihə	wəihə	vix	?	iːg	ijə	ijə	ijə	ijə	ie	iːjoː	iːgə
horn_3	?	?	?	?	?	gandzadza	?	?	?	?	?	?	?	?	?	?	?	?	?	?
this_1	əi	əi	əji	əj	əj	əi	əri	əj	ərə	ərə	ər	ewuw	əri	əri	ər	ər	əre	er	oj	əri
fish_1	imaha	?	?	?	emaha	imaha	?	?	nimuha	nimaha	nimha	?	?	?	?	?	?	?	?	?
fish_2	?	sugdʒasa	sugdʒæ	sogdata	?	?	suŋdatta	sogdata	?	?	?	?	?	?	?	?	?	?	?	?
fish_3	?	?	?	?	olo	?	?	?	?	?	?	olra	?	oldo	oldo	oldo	oldo	ollo	olo	ɔlɔ
fish_4	?	?	?	?	?	?	?	?	?	?	?	?	ɔʃhɔŋ	?	?	?	?	?	?	?
yesterday_1	tsiksə	?	?	tsisəːniə	siksə	siksəsiksəɲi	?	tisə	ʃiksənəŋgi	siksə	tsəksənəŋ	?	?	?	?	?	?	?	?	?
yesterday_2	?	tinəwi	tinənəŋi	?	?	?	tseːnneː	?	?	?	?	tiːniw	tiːnug	tiːnibə	tyːnəwə	tiniːwə	tiːɲiwe	tunive	tiːnuwoj	tiːnəwə
drink_1	omi	imi	umi	ome	omi	omi	umi	omo	umi	omi	œmi	?	ime	imi	um	um	um	um	om	em
drink_2	?	?	?	?	?	?	?	?	?	?	?	koːl	?	?	?	?	?	?	?	?
black_1	sakarki	sakai	?	saharen	sakalkin	sahari	saːri	sahare	sahalian	sahalijan	?	hakarin	?	?	?	?	?	?	?	?
black_2	?	?	pʔaligi	?	?	?	?	?	?	?	?	?	?	?	?	?	?	?	?	?
black_3	?	?	?	?	?	?	?	?	?	?	jətsin	?	?	?	?	?	?	?	?	?
black_4	?	?	?	?	?	?	?	?	?	?	?	ɲegtseɲe	?	?	?	?	?	?	?	?
black_5	?	?	?	?	?	?	?	?	?	?	?	naŋgata	?	?	?	?	?	?	?	?
black_6	?	?	?	?	?	?	?	?	?	?	?	?	hɔnnɔriŋ	koŋnorin	koŋnomo	koŋnomo	koŋnomo	koŋnomo	koŋnijiːn	kɔŋnɔren
navel_1	?	?	?	hujmu	?	?	hunu	huɲu	ələŋgu	uləŋgu	uluŋ	?	?	?	?	?	?	?	uŋɲən	?
navel_2	tsuŋəli	tsuŋu	coŋo	?	tsuŋuru	cumuru	?	?	?	tsuŋguru	?	?	ʃəŋur	cuŋur	tsuŋurəː	tsumurə	ʃumurə	tsuŋre	tsoŋojo	tsuŋŋuru
navel_3	?	?	?	?	?	?	?	?	?	?	?	koːlekebor	?	?	?	?	?	?	?	?
stand_1	ili	ilisi	ili	elese	eltsi	ilisi	ili	elso	ili	ili	ila	ilgem	ila	iliː	ilit	il	ili	ilit	elit	ele
bite_1	tsanə	?	?	?	?	?	?	?	?	?	?	?	?	?	?	?	?	?	?	?
bite_2	?	səppən	?	səkpən	səpkənə	?	?	səqpən	?	?	?	?	?	?	?	?	?	?	?	?
bite_3	?	?	iktəmə	?	?	?	iktəmən	iqtəmən	?	?	?	iːtmen	?	?	?	?	?	?	?	?
bite_4	?	?	?	?	?	sæː	?	?	?	sai	sa	?	?	?	?	?	?	?	?	?
bite_5	?	?	?	?	?	?	?	?	u	?	?	?	?	?	?	?	?	?	?	?
bite_6	?	?	?	?	?	?	?	?	?	?	?	?	hihe	kiki	kik	kik	kiki	kik	kek	kek
back_1	darma	daːma	?	darama	darma	darama	darama	?	?	dara	darəm	?	daram	?	?	?	?	?	dajama	darama
back_2	?	?	?	?	?	?	?	niki	?	?	?	?	?	?	?	?	?	?	?	?
back_3	?	?	?	?	?	?	?	?	fisa	fisa	fisa	?	?	?	?	?	?	?	?	?
back_4	?	?	?	?	?	?	?	?	?	?	?	?	?	sogdondo	səgdənnə	hogdondo	hondondo	sogdonno	?	ʃigdə
back_5	?	?	?	?	?	?	?	?	?	?	?	ɲiri	?	?	?	?	?	?	?	?
back_6	?	akka	aka	?	?	?	?	?	?	?	?	?	?	?	?	?	?	?	?	?
wind_1	ədin	ədi	ədi	hədun	ədin	hədu	hədu	hədu	ədu	ədun	udun	eden	ədiŋ	ədin	ədjn	?	ədin	edin	ədin	ədin
smoke_1	tsaŋnian	saŋɲa	saŋɲa	saŋɲan	saŋɲan	saŋɲa	saŋnaka	saŋɲa	ʃaŋgia	ʃaŋgijan	saŋən	haːɲin	ʃaŋaŋ	saŋnan	saŋɲan	haŋɲan	haŋɲan	saŋnʊn	saŋɲan	ʃaŋŋan
what_1	ia	jaː	jʔəu	haj	eːma	hai	hai	χaj	?	ai	ai	iak	uhuŋ	ikun	əːkuːn	eːkun	eːkun	ekun	eːhun	ekun
child_1	hitə	hitə	sitə	piktə	futə	fiktə	puttə	piqtə	?	?	?	hut	?	hutə	hutə	huto	hutə	?	hutə	utə
child_2	?	?	?	?	?	?	?	?	dʒui	dʒui	?	?	?	?	?	?	?	?	?	?
child_3	?	?	?	?	?	?	?	?	?	?	?	?	?	?	?	?	?	kuŋakan	?	?
child_4	?	?	?	?	?	?	?	?	?	?	?	?	uril	?	?	?	?	?	?	?
child_5	?	?	?	?	?	?	?	?	?	?	adʒi	?	?	?	?	?	?	?	?	?
egg_1	omoktə	umukta	umukta	omokta	omokta	omoqta	?	omoqta	?	umgan	umhan	umta	umatt	umukta	?	?	?	umukta	omokta	umukta
egg_2	?	?	?	?	?	?	ŋojokko	?	?	?	?	?	?	?	?	?	?	?	?	?
give_1	bu	buː	bu	buː	buː	buː	bɵː	buː	bu	bu	bu	boː	buː	buː	buː	bu	buː	buː	buː	buː
new_1	irkikin	ikkəi	?	sikuːn	itkəkin	siku	sitəu	sitsəu	itsə	itsə	itsə	?	ikkiŋ	irkəkkin	?	?	?	?	ihihiːn	irkəkin
new_2	?	?	iməhi	?	?	?	?	?	?	?	?	?	?	?	?	?	?	?	?	?
new_3	?	?	?	?	?	?	?	?	?	?	?	neːji	?	?	?	?	?	?	?	?
new_4	?	?	?	?	?	?	?	?	?	?	?	anŋamta	?	?	?	?	?	?	?	?
new_5	?	?	?	?	?	?	?	?	?	?	?	?	?	?	umukta	umukta	umukta	omakta	?	?
burn_1	?	?	?	?	?	?	?	?	?	?	?	?	?	?	?	?	?	ila	?	?
burn_2	dʒigdə	dʒəgdə	dʒəgdə	dʒəgdə	dʒəgdə	dzəgdə	dəgdə	dʒəgdə	dədi	dəidʒi	?	?	dʒəhdiː	dzəgdə	dʒəgdə	?	?	?	dʒəgdə	dʒəgdə
burn_3	?	?	?	?	?	?	?	?	?	?	tsarə	?	?	?	?	?	?	?	?	?
burn_4	?	?	?	?	?	?	?	?	?	?	?	dur	luggi	?	?	lurgiː	lurgi	?	?	?
burn_5	?	?	?	?	?	?	?	?	?	da	?	?	?	?	?	?	?	?	?	?
not_1	?	?	?	?	?	?	?	?	?	?	qu	?	?	?	?	?	?	?	?	?
not_2	rsə	əːsi	ə	a	əsi	asi	ə	ase	?	?	?	e	ə	ə	ə	ə	ə	e	ə	ə
good_1	ai	aja	aja	?	aja	ai	aja	aja	?	?	?	aj	aja	aja	aja	aja	aja	aʊ	aja	aja
good_2	?	?	?	uləːn	?	ulə	?	ulə	?	?	?	?	?	?	?	?	?	?	?	?
good_3	?	?	?	?	?	?	?	?	nomuho	?	?	?	?	?	?	?	?	?	?	?
good_4	?	?	?	?	?	?	?	?	sainbor	sainbor	sanbor	?	?	?	?	?	?	?	?	?
know_1	saji	saː	sa	saː	saː	saː	saː	saː	sa	sa	sa	haː	ʃaː	saː	saː	haː	haː	sa	saː	ʃaː
know_2	?	?	?	?	?	?	?	?	?	?	taqə	?	?	?	?	?	?	?	?	?
knee_1	hərŋən	həŋŋə	həŋə	?	həɲŋən	fəiŋgə	pənə	pəɲə	?	?	?	henŋen	əŋəŋ	hənnən	hənŋən	hənŋən	hənŋən	henŋen	həɲŋən	əŋŋən
knee_2	?	?	bəgə	?	?	?	?	bəldʒə	buhi	?	buxo	beːlge	?	?	?	?	?	?	?	?
knee_3	?	?	?	dʒalan	?	dzala	?	?	?	?	?	?	?	?	?	?	?	?	?	?
knee_4	?	?	?	?	?	?	?	?	?	?	?	boːkam	?	?	?	?	?	?	?	?
knee_5	?	?	?	?	?	?	?	?	?	tobgija	?	?	?	?	?	?	?	?	?	?
sand_1	?	?	?	?	?	?	?	?	?	?	?	?	?	?	?	?	?	tukala	?	?
sand_2	tsoroŋ	?	?	?	?	?	?	?	dʒoro	?	?	?	?	?	?	?	?	?	?	?
sand_3	?	tipa	?	?	?	?	?	?	?	?	?	?	?	?	?	?	?	?	?	?
sand_4	?	?	oɲokto	?	?	?	honokto	?	?	?	?	oɲiŋ	?	?	?	?	?	?	?	?
sand_5	?	?	?	sejan	?	?	?	seja	?	?	?	?	?	?	?	?	?	?	?	?
sand_6	?	?	?	?	seron	siro	?	siru	?	?	?	?	?	siruk	sirugiː	?	?	?	sejun	ʃerge
sand_7	?	?	?	?	?	?	?	?	?	joŋgan	nioŋun	?	iŋa	?	?	iŋaː	iŋaː	?	?	?
laugh_1	nihtənə	iɲəktə	inə	inəktə	inəktə	inəktə	inə	iɲəqtə	indʒə	indʒə	indʒi	iɲ	nəttə	inəktə	iɲə	iɲəktə	iɲəktə	inekte	iɲə	iɲəktə
hear_1	dəldi	doːgdi	dogdiː	doːldʒe	doldji	doːldi	doːldʒi	doːlde	dondi	dondʒi	dœndʒi	dolda	dɔːldi	doːldiː	doːldyː	doːldj	doːldiː	doldu	doːldi	dɔːlde
soil_1	?	?	?	?	?	?	?	?	?	?	?	?	?	?	?	?	?	dunne	?	?
soil_2	?	naː	naː	naː	naː	naː	naː	naː	na	na	na	?	?	?	?	?	?	?	?	?
soil_3	tukala	?	?	?	?	?	?	?	?	?	?	?	?	?	tukala	tukala	?	?	?	tukala
soil_4	?	?	?	?	?	?	?	?	bəho	boihon	?	?	?	?	?	?	?	?	?	?
soil_5	?	?	?	?	?	?	?	?	?	?	?	?	ərətt	?	?	?	?	?	?	?
soil_6	?	?	?	?	?	?	?	?	?	?	?	?	?	kurisun	?	?	?	?	?	?
soil_7	?	?	?	?	?	?	?	?	?	?	?	tor	?	?	?	?	?	?	tuːj	?
leaf_1	?	?	?	?	?	?	?	?	?	?	?	?	?	naptsibor	?	?	?	?	?	nabutsebor
leaf_2	abdaksə	abdasa	abdæ	habdata	abdana	haftaca	hamdatta	χabdata	apuha	abdaha	avh	ebdenre	abdann	?	awdanna	abdanda	abdanda	avdanna	abdana	abdana
red_1	?	səːgdʒə	?	səːgdʒən	səgdʒən	?	səːgdə	səːgdʒə	?	?	?	?	?	?	?	?	?	?	?	?
red_2	fulgian	?	hulaligi	?	?	folgæː	?	?	fulgian	fulgijan	fəlgian	hulaɲa	ulariŋ	ularin	hulama	hoːlbama	xolbama	hulama	holajiːn	ulaːren
liver_1	hakin	haki	hʔai	paː	hakin	haki	paːha	paː	fahun	fahuːn	fahun	haːkan	aːhiŋ	haːkin	hakin	hakin	xaːkin	hakin	haːhin	aːken
hide_1	?	?	?	?	?	?	?	?	?	?	sœmi	?	?	?	?	?	?	?	?	?
hide_2	sutsa	?	?	?	?	?	?	?	?	?	?	?	?	?	?	?	?	?	?	?
hide_3	?	hiri	?	?	?	?	?	?	?	?	?	?	?	?	?	?	?	?	?	?
hide_4	?	dʒaja	dʒæ	dʒaja	dʒaja	dzai	dai	dʒaj	?	dʒaila	?	dʒaj	dʒaji	dzaja	dʒaja	dʒaja	daja	dʊː	?	dʒaji
hide_5	?	?	digəmuənə	?	?	?	?	?	?	?	?	?	?	?	?	?	dʒikən	?	dihəmkoːn	?
hide_6	?	?	?	?	?	?	?	?	?	hari	?	?	?	?	?	?	?	?	?	?
skin_1	ərhə	?	?	hərəktə	?	hərəktə	hərəktə	hərəqtə	?	?	?	?	?	?	?	irəxsə	irəhʃə	?	?	?
skin_2	?	nasa	næ	?	nana	?	?	nanta	?	?	?	nanra	nanda	nanda	nanda	?	?	?	nana	nana
skin_3	?	?	?	?	?	?	?	?	sugu	sukuː	soqo	?	?	?	?	?	?	?	?	?
skin_4	?	?	?	?	?	?	?	?	?	?	?	ilre	?	?	?	?	?	ille	?	?
suck_1	omi	?	?	?	?	?	?	?	?	?	?	?	?	?	?	?	?	?	?	?
suck_2	?	?	?	?	?	məːmə	?	?	?	?	?	?	?	?	?	?	?	?	?	?
suck_3	?	oːtsi	?	?	?	?	?	?	?	?	ɢoci	?	?	?	?	?	?	?	?	?
suck_4	?	?	?	?	?	?	?	?	?	?	?	?	?	?	nupku	?	?	nupku	?	lupku
suck_5	?	?	?	kuːtsi	uku	ku	?	kuːtsi	?	?	?	?	?	uku	?	uku	uku	?	?	?
suck_6	?	?	simisi	seme	?	?	simi	?	?	simi	simi	tsiːmtsa	ʃemi	?	tsumə	?	?	?	?	?
carry_1	dʒatsihə	?	?	?	?	?	?	?	?	?	?	?	?	?	?	?	?	?	?	?
carry_2	?	həbbu	?	?	?	?	?	?	?	?	?	?	?	?	?	?	?	?	?	?
carry_3	?	?	gadʒi	gaːdʒo	gaŋso	gaːɲiso	?	gadʒo	?	?	?	?	?	?	?	?	?	?	?	?
carry_4	?	?	?	era	?	?	ira	era	?	?	?	?	?	?	?	?	?	?	?	?
carry_5	?	?	?	?	nuku	?	?	?	?	?	?	?	?	?	?	?	?	?	?	?
carry_6	?	?	?	?	?	?	?	?	?	unu	?	?	?	?	?	?	?	?	?	?
carry_7	?	?	?	?	?	?	?	?	?	?	?	ŋenu	?	?	ŋənəw	?	?	edve	ŋənəw	?
carry_8	?	?	?	?	?	?	?	?	?	?	?	?	əlgə	?	?	?	?	?	?	?
carry_9	?	?	?	?	?	?	?	?	?	?	dʒo	?	?	?	?	?	?	?	?	dʒuː
ant_1	iktəkən	iːktə	iktə	siluktə	iriktə	iktəki	siruktə	senono	irhuə	jərhuwə	nʉrnimah	hiːrit	iːrətt	iːriktə	iriktə	iriktɒ	iriktə	irikte	iːktə	iriktə
heavy_1	urgə	uggə	ugi	hujgə	udjgə	huigə	hudəuli	hudʒəuli	udʒə	udʒən	udʒin	urge	ugguddi	?	urgə	urgɵptsu	urgə	urge	ujgəgdi	urgə
take_1	?	dʒawa	dʒawa	dʒapa	dʒao	dzafa	dapa	dʒapa	?	dʒafa	dʒavə	?	?	?	?	?	?	?	?	dʒawa
take_2	gadʒi	?	?	?	?	?	?	?	?	?	?	ga	gad	ga	ga	ga	ga	ga	ga	?
take_3	?	?	?	?	?	?	?	?	?	?	?	alim	?	?	?	?	?	?	?	?
old_1	?	?	?	?	?	?	?	?	?	?	?	?	?	?	?	holokto	?	holokto	?	?
old_2	manaha	?	?	?	?	?	?	?	?	?	?	?	?	?	?	?	?	?	?	?
old_3	?	ainaːpti	anapti	?	?	?	?	?	?	?	?	?	?	?	?	?	?	?	?	?
old_4	?	?	?	goroptse	goropti	goroftsi	goroptsi	goropte	?	?	?	?	?	?	goroptj	?	?	?	gojopti	gɔrɔpte
old_5	?	?	?	?	?	baːlaftseː	?	balapte	?	?	?	?	?	?	?	?	?	?	?	?
old_6	?	?	?	?	?	?	?	?	fo	fə	fə	?	?	?	?	?	?	?	?	?
old_7	?	?	?	?	?	?	?	?	?	?	?	ute	?	?	?	?	?	?	?	?
old_8	?	?	?	?	?	?	?	?	?	?	?	irbet	irətti	?	?	?	?	?	?	?
old_9	?	?	?	?	?	?	?	?	?	?	?	?	?	agiptiː	?	?	?	?	?	?
eat_1	?	?	diga	?	?	?	?	?	?	?	?	?	?	?	?	?	?	?	?	?
eat_2	?	?	?	sea	?	?	?	?	?	?	?	?	?	?	?	?	?	?	?	?
eat_3	dʒəfə	dʒəp	dʒə	?	dʒəfu	dzəf	dəp	dʒəpu	dʒəfu	dʒə	dʒi	dʒeb	dʒət	dzəp	dʒəw	dʒəp	dʒəp	dev	dʒəp	dʒəb
thigh_1	?	?	?	?	?	?	?	?	?	?	?	?	?	?	?	?	duwukiː	?	?	?
thigh_2	bəgdələ	?	?	?	?	?	?	?	?	?	?	?	?	?	?	?	?	?	?	?
thigh_3	?	aːlasi	?	?	?	?	?	?	?	?	?	?	?	?	?	?	?	?	?	?
thigh_4	?	?	oː	oː	?	?	oː	oː	?	?	?	og	ɔgɔ	?	?	?	?	?	ogo	?
thigh_5	?	?	?	talpe	?	?	?	tarpe	?	?	?	?	?	?	?	?	?	?	?	?
thigh_6	?	?	?	?	bəlgə	?	?	?	?	?	?	?	?	?	?	?	?	?	?	?
thigh_7	?	?	?	?	?	ora	?	?	?	?	?	?	?	?	?	?	?	?	?	?
thigh_8	?	?	?	?	?	?	?	?	?	buhi	?	?	?	?	?	?	?	bokan	?	bɔːkan
thigh_9	?	?	?	?	?	?	?	?	?	suksaha	masusha	?	?	?	?	?	?	?	?	?
thigh_10	?	?	?	?	?	?	?	?	?	?	?	telgi	?	?	?	?	?	?	?	?
thick_1	bugdʉn	?	?	?	?	?	?	?	?	?	?	?	?	?	?	?	?	burgu	?	?
thick_2	?	dijami	?	dʒerame	dʒirami	dirmi	dʒirami	derame	dirami	dʒiramin	dʒiram	diram	diram	?	djram	?	diram	?	dejam	deram
thick_3	?	diktu	?	?	?	?	?	?	?	?	?	?	?	?	?	?	?	?	?	?
thick_4	?	?	?	ŋoame	?	vaːmi	?	ŋoame	?	?	?	?	?	?	?	?	?	?	?	?
thick_5	?	?	?	?	?	?	?	?	?	fisin	?	?	?	?	?	?	?	?	?	?
thick_6	?	?	bou	?	baron	?	?	?	?	?	?	?	?	?	?	?	?	?	?	?
long_1	onimu	ŋoːɲimi	wanimi	ŋoneme	ormi	ormi	ŋonimi	walme	golmi	golmin	ɢolmin	ŋonam	nunam	nonimi	ŋoːnim	ŋonim	ŋoːɲim	ŋonim	ŋonom	ŋunum
blow_1	?	?	?	?	fulgi	fulgitsi	?	?	fulə	fulgijə	filxi	?	?	?	?	?	?	?	?	?
blow_2	ədinə	ədin	ədinə	hədun	ədinə	hədun	hədun	hədun	?	ədu	udunda	edel	ədin	ədin	ədjn	?	?	?	ədin	ədin
blow_3	?	huː	?	puː	?	?	puː	puː	?	?	?	huː	uːgu	huːwu	huw	hup	huːp	huvʊ	?	?
wood_1	mo	moː	moː	moː	moː	moː	moː	moː	mo	moː	mo	moː	mɔ	moː	moː	mo	moː	mo	moː	mɔː
run_1	bugda	?	?	?	fagdala	faːgdala	?	?	?	?	?	?	?	?	?	?	?	?	?	?
run_2	?	tutu	?	tutu	?	?	?	tutu	?	?	?	tut	tutəli	?	?	?	?	?	?	?
run_3	?	?	tukæ	?	?	?	tuksa	?	?	?	?	?	?	tuksa	tuksa	tuksaːn	tuhsa	tuksa	toksa	tukʃa
run_4	?	?	?	?	?	?	?	?	?	sudʒu	?	?	?	?	?	?	?	?	?	?
run_5	?	?	?	?	?	?	?	?	?	?	fəxsi	?	?	?	?	?	?	?	?	?
fall_1	?	?	?	?	?	?	?	?	?	?	?	?	?	?	buru	buru	buru	buru	?	?
fall_2	duəhən	tiː	tiŋmə	tuː	tiki	tuː	tuː	tuː	tuhə	tuhə	tuxu	tik	tihi	tikki	tjk	?	?	?	tik	tiki
fall_3	isala	isa	jæ	nasal	esal	isala	isal	esal	jasa	jasa	jas	iasal	iːʃal	iːsal	əːsa	eːha	eːha	?	eːsa	jeːʃa
eye_1	isala	isa	jæ	nasal	esal	isala	isal	esal	jasa	jasa	jas	iasal	iːʃal	iːsal	əːsa	eːha	eːha	esa	eːsa	jeːʃa
ash_1	fuləbtə	huləptə	huləptə	puɲəktən	fuɲəktə	huləftə	punəktə	punəqtə	fuləŋgi	fuləŋgi	filiŋ	hulten	uləttəŋ	huləptəːn	uləːptjn	huloptɒn	huloptaːn	hulupten	huloːptoːn	uləptən
tail_1	jilgi	huggu	igi	hujgu	idjgi	huigu	hudu	hudʒu	untsə	untsəhən	untsxin	irge	iggi	irgi	irgi	irgiː	irgi	irgin	iggi	irgi
dog_1	inaki	inaki	inʔai	enda	enakin	inda	ŋinda	enda	indahu	indahuːn	jonhun	ŋin	ninihiŋ	ninakin	ninakin	ŋinakin	?	ŋinakin	nenahin	ŋanaken
cry_weep_1	soŋu	soŋo	soŋo	soŋo	soŋo	soŋgo	soŋo	soŋgo	suŋgu	soŋgo	soŋu	hoŋ	ʃɔŋɔ	soŋo	soŋo	hoŋo	hoŋoː	soŋo	soŋo	ʃɔŋɔ
tie_1	hərkə	?	həkə	?	?	?	?	?	?	?	?	?	?	?	?	?	?	?	?	?
tie_2	?	?	?	?	?	?	?	?	?	?	?	?	?	?	hərkə	?	herke	?	həjgi	?
tie_3	?	uju	?	ui	?	?	ui	uj	?	?	?	uj	uji	uju	?	uji	ujiː	?	uj	?
tie_4	?	?	?	?	seratsi	siratsi	?	?	?	?	?	?	?	?	?	?	?	?	?	?
tie_5	?	?	?	?	?	?	?	?	?	fali	?	?	?	?	?	?	?	?	?	?
tie_6	?	?	?	?	?	?	?	?	?	?	toŋqu	?	?	?	?	?	?	?	?	?
tie_7	?	?	?	?	?	?	?	?	?	?	?	oːɲe	?	?	?	?	?	?	?	?
tie_8	?	?	?	?	?	?	?	?	?	?	?	?	akki	?	?	?	?	?	?	akke
tie_9	?	?	?	?	?	?	?	boke	?	?	?	?	?	?	?	?	?	?	?	?
see_1	itsi	itsə	isə	itsə	itsə	iskə	itə	itsə	?	?	?	its	iʃi	icə	itsə	isə	iʃə	ise	itsə	itsi
see_2	?	?	?	?	?	?	?	?	atsa	?	?	?	?	?	?	?	?	?	?	?
see_3	?	?	?	?	?	?	?	?	?	sabu	savə	?	?	?	?	?	?	?	?	?
sweet_1	?	?	dʒi	?	?	?	?	?	?	?	?	?	?	?	?	?	?	?	?	?
sweet_2	?	?	satamuj	?	?	?	?	?	?	?	?	?	?	?	?	?	?	?	?	?
sweet_3	?	?	?	?	?	?	dədʒdʒuːli	?	?	?	?	?	?	?	?	?	?	?	?	?
sweet_4	?	?	?	?	?	?	?	?	nəi	?	?	?	?	?	?	?	?	?	?	?
sweet_5	?	?	?	?	?	?	?	?	dantsu	dʒantsuhuːn	?	dalra	?	?	?	?	?	?	?	?
sweet_6	amtdəkuli	amtasi	?	amtaseː	amtasi	amtaŋga	aptauli	amta	?	?	amtəŋ	?	antaʃi	?	alaptsu	?	alaptʃu	aləpʰtʃu	alagdidale	dʒuteː
rope_1	?	?	?	?	?	?	?	?	?	?	?	?	?	?	?	?	?	uʊr	?	?
rope_2	horkuŋ	?	?	?	hotkon	horko	horko	horko	?	?	?	?	ukkuŋ	?	?	?	?	?	?	urkun
rope_3	?	sumna	?	?	?	?	?	?	?	?	?	?	?	?	?	?	?	?	?	?
rope_4	?	ugdə	?	?	?	?	?	?	?	?	?	?	?	?	?	?	?	?	?	?
rope_5	?	?	hu	?	?	?	?	?	?	?	?	?	?	?	?	?	?	?	?	?
rope_6	?	?	?	topto	?	?	?	?	?	?	?	?	?	?	?	?	?	?	?	?
rope_7	?	?	?	?	?	?	?	?	futa	futa	fəta	?	?	?	?	?	?	?	?	?
rope_8	?	?	?	?	?	?	?	?	?	?	?	usi	uʃiːləŋ	?	?	uhiː	uhiː	?	usiː	?
rope_9	?	?	?	?	?	?	?	?	?	?	?	?	iːdur	?	?	?	?	?	?	?
rope_10	?	?	?	?	?	?	?	?	?	?	?	?	?	bogoli	?	?	?	?	?	?
rope_11	?	?	?	?	?	?	?	?	?	?	?	?	?	?	hərkəwuːn	?	hərkə	?	?	?
shade_1	haɲiən	haɲa	haɲa	paɲan	haɲan	faɲa	pana	paɲa	?	?	?	hiɲaːn	?	?	haɲan	haŋɲan	haŋɲan	hanʊn	?	?
shade_2	?	?	?	?	?	?	ədʒi	?	?	?	?	?	?	?	?	?	?	?	?	?
shade_3	?	?	?	?	?	?	?	?	?	?	?	?	ʃiŋuŋ	simŋuːn	?	?	?	?	simŋun	?
shade_4	?	?	?	?	?	?	?	?	?	?	?	?	?	?	?	?	?	?	?	ərudən
shade_5	?	?	?	?	?	?	?	?	həlmə	həlmən	xəlmən	?	?	?	?	?	?	?	?	?
bird_1	gaskə	gasa	?	?	?	?	gasa	?	?	gasha	?	?	?	?	?	?	?	?	?	?
bird_2	?	?	cindʔa	?	?	?	?	tsiːndə	?	?	?	?	?	?	?	?	?	?	?	?
bird_3	?	?	?	niətsəːn	?	ɲicə	nəːtsikə	?	?	?	?	?	?	?	?	?	?	?	?	?
bird_4	?	?	?	?	tseokon	?	?	?	?	?	?	?	?	?	?	?	?	?	?	?
bird_5	?	?	?	?	?	?	?	?	sətsə	?	tsitskə	?	?	?	?	?	?	?	?	?
bird_6	?	?	?	?	?	?	?	?	?	?	?	?	?	?	?	tsipkaːnbor	ʃipkaːkaːnbor	?	?	?
bird_7	?	?	?	?	?	?	?	?	?	?	?	degi	dəgi	dəgiː	dəg	?	?	degi	dəgiː	dəji
salt_1	?	?	?	?	?	?	?	?	?	?	?	tak	?	?	?	?	?	?	?	?
salt_2	?	?	sʔai	?	?	?	?	?	?	?	?	?	?	?	?	?	?	?	?	?
salt_3	dausən	daksu	?	daosonbor	daosunbor	daoso	dausu	dawson	dacubor	dabsunbor	davsunbor	?	dɔːsuŋbor	dawsunbor	?	?	?	?	?	?
salt_4	?	?	?	?	?	?	?	?	?	?	?	?	?	?	?	?	?	?	?	kataganbor
salt_5	?	?	?	?	?	?	?	?	?	?	?	?	?	?	turukə	turukə	turukə	turuke	tosbor	?
small_1	?	ŋiːtsi	ŋicʔa	nuːtsi	?	?	nuːtsi	ɲuːtsi	?	?	?	?	niʃhuŋ	niːtsi	?	?	?	?	ɲitkuːn	nitsukun
small_2	komtsu	?	?	?	?	?	?	?	?	?	?	kotsuken	?	?	?	?	?	?	?	?
small_3	?	?	?	?	niskun	iski	?	?	?	?	?	?	?	?	?	?	?	?	?	?
small_4	?	?	?	?	?	?	?	?	aʃ	adʒida	adʒig	?	?	?	?	?	?	?	?	?
small_5	?	?	?	?	?	?	?	?	?	?	?	?	?	?	hujukuːn	hujukuːn	hulukuːn	xulukun	?	?
wide_1	darmi	daːmi	?	darami	darami	darami	darami	darame	?	?	?	?	?	?	?	?	?	?	?	?
wide_2	?	?	agbi	?	?	?	?	?	?	?	?	kalbin	?	?	albin	?	albiːn	albin	?	?
wide_3	?	?	?	?	?	?	?	gole	?	?	?	?	?	?	?	?	?	?	?	?
wide_4	?	?	?	?	?	?	?	hugdi	?	?	?	?	?	?	?	?	?	?	?	?
wide_5	?	?	?	?	?	?	?	?	onco	ontso	ontso	?	?	?	?	?	?	?	?	?
wide_6	?	?	?	?	?	?	?	?	?	?	?	?	əŋŋə	?	?	?	?	?	?	əŋŋəl
wide_7	?	?	?	?	?	?	?	?	?	?	?	?	?	?	?	?	?	?	awam	?
star_1	utsiaktə	hosikta	wajkta	hosakta	osiakta	osikta	hosikta	hosta	uʃiha	usiha	usha	oːsikat	ɔːʃitt	oːsikta	oːsiːkta	ohikta	ohikaːktə	osikta	oːsikta	ɔːʃekta
star_2	?	?	?	?	?	?	unigəri	?	?	?	?	?	?	?	?	?	?	?	?	?
in_1	du	do	du	do	do	do	do	do	dolo	də	d	du	du	doː	du	duː	duː	du	duː	du
hard_1	taktak	?	?	?	?	?	?	?	?	?	?	?	?	?	?	?	?	?	?	?
hard_2	?	kiŋkə	?	?	?	?	?	?	?	?	?	?	?	?	?	?	?	?	?	?
hard_3	?	?	maŋi	?	?	?	?	?	?	maŋga	maŋ	maŋ	?	?	maŋa	?	maŋaptsu	maŋa	?	?
hard_4	?	?	?	koahkoahbiː	koakkoak	koahkoahbiː	?	kwaxkwaxbi	?	?	?	?	?	?	?	?	?	?	?	?
hard_5	?	?	?	?	dəŋdəŋ	?	?	?	?	?	?	doŋter	?	?	?	?	?	?	?	?
hard_6	?	?	?	?	?	?	tsaktsaŋ	?	?	?	?	?	?	?	?	?	?	?	?	?
hard_7	?	?	?	?	?	?	?	?	?	kataŋsəmə	?	?	hat	?	?	?	?	?	katan	katan
crush_1	mosolo	?	?	?	mosola	?	?	?	?	?	?	?	?	?	?	?	?	?	?	?
crush_2	?	tsikka	cika	?	?	?	?	?	?	?	?	tsilka	?	?	?	?	?	?	?	?
crush_3	?	?	?	hudʒirə	?	?	?	?	?	hudʒurə	xudʒuru	?	?	?	?	?	?	?	?	?
crush_4	?	?	?	?	nedʒara	ɲidira	?	ɲidʒurtsu	?	nidʒara	?	?	?	?	?	?	?	?	?	?
crush_5	?	?	?	?	?	kəfutsi	?	?	?	?	?	?	?	?	?	?	?	?	?	?
crush_6	?	?	?	?	?	?	pəkpu	?	?	?	?	?	?	?	?	?	?	?	?	?
crush_7	?	?	?	?	?	?	?	?	?	?	?	tiːmrel	?	?	?	?	?	?	?	?
crush_8	?	?	?	?	?	?	?	?	?	?	?	huruŋ	?	?	hurgu	?	?	hurgu	?	?
crush_9	?	?	?	?	?	?	?	?	?	?	?	?	iːw	?	?	?	?	?	?	?
crush_10	?	?	?	?	?	?	?	?	?	?	?	?	?	?	?	?	?	?	nelka	?
crush_11	?	?	?	?	?	?	?	?	?	?	?	?	?	?	?	?	?	?	?	iŋdəː
crush_12	?	?	?	?	?	?	?	?	?	?	?	?	?	tirə	?	?	?	?	?	?
mountain_1	urkən	uwə	we	hurəːn	urən	hurə	hurigən	hurə	?	?	?	urektsen	uru	horoːn	urə	urɵ	urə	ure	ujoː	urə
mountain_2	?	?	?	?	?	?	?	?	ali	alin	elin	?	?	?	?	?	?	?	?	?
sit_1	tə	təːsi	te	təːsi	təːtsi	təːsi	təː	təːsu	tə	tə	tə	tegets	təgə	təgə	təgət	təgə	təgə	tege	təgət	təgə
nail_1	otsahtə	hosikta	wajkta	hosakta	osakta	hosakta	hosikta	hosta	?	?	?	osta	uʃitt	osikta	osiːkta	ohikta	ohiːkta	osikta	oːtta	uʃekta
nail_2	?	?	?	?	?	?	?	?	hitahun	hitahuːn	kœthun	?	?	?	?	?	?	?	?	?
throw_1	nodo	?	?	?	noːda	?	?	?	?	?	?	noːda	nuːda	noːdaː	noːdaː	?	?	nodu	?	nɔːdaː
throw_2	?	dʒolodo	dʒolodo	?	?	dzolola	?	dʒololo	?	?	?	?	?	?	?	?	?	?	dʒolot	?
throw_3	?	?	wuəndə	?	?	?	?	?	?	?	?	?	?	?	?	?	?	?	?	?
throw_4	?	?	?	naŋala	naŋgala	naŋgala	?	ɲaːla	?	?	?	?	?	?	?	?	?	?	?	?
throw_5	?	?	?	?	?	?	məːtələ	?	?	?	?	?	?	?	?	?	?	?	?	?
throw_6	?	?	?	?	?	?	?	?	?	faha	hashalə	?	?	?	?	?	?	?	?	?
throw_7	?	?	?	?	?	?	?	?	?	makta	?	?	?	?	?	?	?	?	?	?
three_1	ilan	ila	ila	elaːn	elan	ila	ilaː	ela	ilan	ilan	ilan	ilen	ilaŋ	ilan	ilan	ilan	ilan	ilan	elan	elan
right_1	?	aːɲdʒi	ajaŋadʒa	aːŋea	?	anta	aːndʒeː	aːndʒe	?	?	?	aːngag	aːŋ	?	anŋuː	an	aːŋu	anŋida	aɲŋidaː	aːn
right_2	itsaktə	?	?	?	esta	isikta	?	?	iti	itsi	istə	?	?	?	?	?	?	?	?	?
right_3	?	?	?	?	?	?	?	?	?	?	?	?	?	dzuptəːki	?	?	?	?	?	?
wash_1	tsiliki	sikki	siki	selko	selki	silko	siltu	siltsu	ʃilihia	?	?	?	ʃelki	silki	?	?	?	?	selki	ʃelke
wash_2	?	?	?	?	?	?	?	?	au	?	?	aw	?	?	ab	?	?	av	aw	?
wash_3	?	?	?	?	?	?	?	?	?	obo	ovu	?	?	?	?	?	?	?	?	?
grasp_1	dʒafa	dʒawa	dʒawa	dʒapa	dʒafaktsi	dzafa	dapa	dʒapa	?	dʒafa	dʒavə	dʒaw	dʒawa	dzawa	dʒawa	?	?	dʊva	?	dʒawa
grasp_2	?	?	?	?	?	?	?	?	?	?	?	hepku	?	?	?	?	?	?	səpkələ	?
branch_1	garkən	gaː	gaː	?	gari	gara	gara	gara	garga	gargan	ɢarhən	gar	gar	gara	gara	gara	gara	gara	gaja	gara
branch_2	?	?	?	suːktu	suktu	?	?	suːqtu	?	?	?	?	?	?	?	?	?	?	?	?
man_1	haha	?	?	?	?	?	?	?	xaxai	haha	hahənan	?	?	?	?	?	?	?	?	?
man_2	?	husəɲæː	?	husənaj	?	husənaj	husənneː	husəɲiː	?	?	?	?	?	?	?	?	?	?	?	?
man_3	?	?	niːnta	?	nerabəjə	?	nari	?	?	?	?	ɲari	nirug	nirabiːbəjə	?	?	?	?	?	nerajbəjə
man_4	?	?	?	?	?	moha	?	?	?	?	?	?	?	?	?	?	?	?	?	?
man_5	?	?	?	?	?	?	?	?	?	?	?	?	?	?	bəjə	bəjə	bəjə	bee	bojə	?
raw_1	nialkin	ɲaːli	ɲaligi	ɲaːloːn	ɲalkin	ɲæːlo	naːluː	ɲeːlo	?	?	?	ɲaːlaktsa	?	?	?	?	?	?	ɲalihin	?
raw_2	?	?	?	?	?	?	?	?	?	?	?	?	?	?	?	?	suːkin	?	?	?
raw_3	?	?	?	?	?	?	?	?	?	əshun	usxun	esektse	iʃiːhiŋ	?	əsikin	əhikin	əhiːkin	esikin	?	əʃikin
tomorrow_1	tumaki	tiːtimæːɲi	timana	tsemana	temaki	tsimai	tsimanaː	temana	timahanəŋgi	tsimaha	tsimar	timin	timaʃhiŋ	timiː	?	?	?	tumatne	temana	temaːna
tomorrow_2	?	?	?	?	?	?	?	?	?	?	?	?	?	?	təgəmiː	təgəmiː	təgəmiː	?	?	?
two_1	dʒuru	dʒuː	dʒuː	dʒuə	dʒuːr	dzuː	dɵː	dʒuəl	dʒuə	dʒuwə	dʒu	dʒor	dʒuːr	dzuːr	dʒuːr	dʒur	dʒuːrə	dʊr	dʒuːl	dʒuːr
bottom_1	hərgi	həː	hə	pərəl	hərə	fərə	pərə	pərə	?	fərə	?	her	ər	here	hərə	hərə	hərə	?	həjə	ərgiləː
bottom_2	?	?	?	?	?	?	?	?	?	?	fatən	hat	?	?	?	?	?	?	?	?
lie_down_1	dudu	?	?	?	?	?	?	?	?	dədu	dudu	destsi	?	?	?	?	?	?	?	?
lie_down_2	?	aː	?	ao	afina	ao	akpan	awo	?	?	?	?	?	?	?	?	?	?	?	?
lie_down_3	?	?	?	?	?	?	toroː	?	?	?	?	?	?	?	?	?	?	?	?	?
lie_down_4	?	?	?	?	?	?	?	?	?	?	?	?	hulə	ukələː	huklə	hukuloː	hukuloː	hukele	huglə	uləː
lie_down_5	?	?	kəptə	?	?	?	?	?	?	?	?	?	?	?	?	?	?	?	?	?
lie_down_6	?	?	?	?	?	?	?	?	?	?	?	?	?	?	?	?	?	noː	?	?
snake_1	məki	miːki	?	mujki	mujki	muiki	muigi	mui	məihə	məihə	məix	?	?	?	?	?	?	?	miːhi	?
snake_2	?	?	kuliga	?	?	?	?	?	?	?	?	?	huleŋ	kuliːn	kulin	kulin	kuliːn	kulin	?	kulen
snake_3	?	?	?	?	dʒabdʒan	?	?	?	?	?	?	dʒabda	?	?	?	?	?	?	?	?
snake_4	?	?	?	?	?	?	?	?	?	?	?	?	?	?	?	?	?	?	olgoma	?
cloud_1	tuksu	tokso	tokœ	təwəksə	tusu	tuksə	təwəskə	təwəksə	tugi	tugi	tuxso	togetsin	toʃʃi	tuksu	tuːksu	tuxsu	tuxʃu	tuksuken	tokso	tukʃu
year_1	əniən	aŋŋaɲi	aŋani	ajŋane	anŋani	aiŋaɲa	anani	aɲa	aniə	anija	anj	anŋan	ane	annaniː	anŋaniː	anŋaniː	anŋaɲi	aŋnani	aɲŋaniː	aŋŋane
year_2	?	?	?	?	?	?	?	?	sə	?	?	?	?	?	?	?	?	?	?	?
tear_1	?	gudə	gudʒali	gudəli	gudəli	gudələ	gudən	gudəli	?	?	gidʒalə	?	?	?	?	?	?	?	?	?
tear_2	?	?	?	?	?	həgdə	?	?	?	?	?	?	?	?	?	?	?	?	həgdəl	?
tear_3	?	?	?	?	?	?	?	?	?	tadu	?	?	?	?	?	?	?	?	?	?
tear_4	?	?	?	?	?	?	?	?	?	fudələ	?	?	?	?	?	?	?	?	?	?
tear_5	?	?	?	?	?	?	?	?	?	?	?	tekel	?	təkəːliː	təkəː	?	?	?	?	?
tear_6	?	?	?	?	?	?	?	?	?	?	?	kuri	?	?	?	?	?	?	?	?
tear_7	?	?	?	?	?	?	?	?	?	?	?	?	ladu	?	?	?	?	?	?	?
tear_8	?	?	?	?	?	?	?	?	?	?	?	?	?	?	?	ətyː	?	?	?	?
tear_9	?	?	?	?	?	?	?	?	?	?	?	?	?	?	?	?	?	?	?	əbdəw
tear_10	?	?	?	?	?	?	?	?	?	?	?	?	?	?	?	?	?	pesi	?	?
ask_1	?	gələ	gələ	gələ	gələ	gələ	gələ	gələ	?	?	?	?	gələ	?	gələ	?	?	?	gəloː	?
ask_2	gadʒi	?	?	?	?	?	?	?	?	?	?	?	?	?	?	?	?	?	?	ga
ask_3	?	?	?	?	?	?	?	?	foni	?	fœndʒi	?	?	?	?	hanŋukta	haŋuːkta	hanŋukta	?	?
ask_4	?	?	?	?	?	?	?	?	baiʃi	bai	?	?	?	?	?	?	?	?	?	?
ask_5	?	?	?	?	?	?	?	?	?	?	?	tiaru	?	?	?	?	?	?	?	?
ask_6	?	?	?	?	?	?	?	?	?	?	?	heːr	?	?	?	?	?	?	?	?
weave_1	?	iggu	?	?	?	?	?	?	?	?	?	inŋe	?	?	?	?	?	?	iɲŋi	?
weave_2	?	?	bagba	?	?	?	?	?	?	?	?	?	?	?	?	?	?	?	?	?
weave_3	?	?	?	gorpen	gorfina	?	?	?	?	?	?	?	?	?	?	?	?	?	?	?
weave_4	?	?	?	?	?	sarfola	?	?	?	?	?	?	?	?	?	?	?	?	?	?
weave_5	?	?	?	?	?	?	muri	muru	?	?	?	?	?	?	?	?	?	?	?	?
weave_6	?	?	?	?	?	?	?	?	?	dʒodo	dʒodu	?	?	?	?	?	?	?	?	?
weave_7	?	?	?	?	?	?	?	?	?	?	?	?	?	?	?	?	?	iltsa	?	?
weave_8	?	?	?	?	?	?	?	?	?	?	?	?	?	?	adjliŋ	?	?	?	?	?
weave_9	?	?	?	?	?	?	?	?	?	?	?	?	nəhə	?	?	?	?	?	?	nəkə
at_1	du	du	du	do	do	do	do	do	?	?	?	du	dulaː	doː	du	duː	duː	du	duː	du
edge_1	dʒabkarə	?	?	?	?	?	?	?	?	?	?	?	?	?	dʒapka	dʒapka	dʒapka	?	?	?
edge_2	?	?	?	?	dʒərin	?	?	dʒəri	?	dʒərin	?	?	?	?	?	?	?	?	?	?
edge_3	?	?	?	?	?	?	?	?	?	?	?	?	?	?	?	?	?	daran	?	?
edge_4	?	?	?	?	?	?	?	?	?	?	udʒan	?	?	?	?	?	?	?	?	?
edge_5	?	?	?	?	?	?	?	?	?	?	?	dʒejen	dʒəji	?	?	?	?	?	dʒəjoːn	?
edge_6	?	?	?	?	?	?	?	?	?	?	?	?	?	?	oldon	oldon	oldoːn	?	?	?
edge_7	?	?	?	?	?	?	?	?	?	?	?	?	?	?	?	?	?	?	?	kətsin
edge_8	?	kia	kæ	kera	kerani	kira	kira	kera	?	?	?	kirag	?	?	?	?	?	?	?	?
chin_1	sətskə	?	?	səshə	səshə	səshə	?	səsəhə	?	səntsəhə	sətsk	?	?	?	?	?	?	?	?	?
chin_2	?	gæːkaː	?	?	?	?	geːga	?	?	?	?	?	?	?	?	?	?	?	geːhaːn	?
chin_3	?	?	dʒei	?	?	?	?	?	?	?	?	?	dʒəgi	dzəgi	dʒəg	?	dʒəg	deg	?	dʒəg
chin_4	?	?	?	?	?	?	?	?	?	?	?	kewe	?	?	?	?	?	?	?	?
play_1	?	əwi	?	hupi	?	kufi	hupi	hupu	əfi	əfi	ivi	ewi	ugiː	ugiː	əwiː	əwiː	əwiː	evi	əwiː	əwi
play_2	ukatsi	?	?	?	?	?	?	?	?	?	?	?	?	?	?	?	?	?	?	?
play_3	?	?	gusi	?	?	?	?	?	?	?	?	?	?	?	?	?	?	?	?	?
play_4	?	?	?	?	holbona	?	?	?	?	?	?	?	?	?	?	?	?	?	?	?
cheek_1	tsira	?	?	?	?	?	?	?	?	?	?	?	?	?	?	?	?	?	?	?
cheek_2	?	dəbbi	?	dərəl	dəudʒə	dəudi	?	?	?	?	?	?	?	?	?	?	?	?	?	?
cheek_3	?	?	sasa	?	?	?	?	?	?	ʃakʃaha	?	?	?	?	?	?	?	?	?	?
cheek_4	?	?	?	?	?	?	pultsi	?	funtsi	fulʒin	dərəjfiltsin	?	?	?	?	?	?	?	?	?
cheek_5	?	?	?	?	?	?	?	?	?	?	?	elreken	?	?	?	?	?	?	?	?
cheek_6	?	?	?	?	?	?	?	andase	?	?	?	?	anʃiŋ	ancan	antsan	?	antsan	antsan	antsan	antsan
pus_1	niaŋki	ɲaːksa	njaŋe	ɲaksa	?	ɲæːksa	naːksa	ɲeːksa	?	nijaki	jaŋk	ɲaːs	?	naːksa	ɲaːksə	?	ɲaːhʃə	"nʊkse	"	ɲaksa	ɲakʃa
pus_2	?	?	?	?	?	?	?	?	?	?	?	?	munuŋə	?	?	?	?	?	?	?
fly_5	dəgdə	dəili	diəli	dəgdə	dəgdə	dəgdətsi	?	dəgdə	də	dəjə	dəji	deg	dəgəli	dəgili	dəg	dəg	dəg	deg	dəg	dəjli
fly_6	?	?	?	?	?	?	səgdə	?	?	?	?	?	?	?	?	?	?	?	?	?
hole_1	saŋa	saŋa	saŋa	saŋar	saŋa	saŋ	saŋa	saŋgal	?	saŋga	saŋɢa	haŋar	ʃaŋal	saŋaːr	saŋaːr	haŋaːr	haŋaːr	saŋar	saŋaː	?
hole_2	?	?	?	?	?	?	?	?	?	?	?	?	?	?	?	?	?	?	?	ultəkə
grow_1	?	baːgdi	bagdi	?	baldi	baldi	baldʒi	balda	?	?	?	baldawats	?	?	baldyː	?	baldj	baldu	baldi	?
grow_2	mutə	?	?	?	?	?	?	?	?	?	?	?	?	?	?	?	?	?	?	?
grow_3	?	?	?	?	?	?	?	?	?	fulhurə	?	?	?	?	?	?	?	?	?	?
grow_4	?	?	?	?	?	?	?	?	?	?	huasi	?	?	?	?	?	?	?	?	?
grow_5	?	?	?	?	?	?	?	?	?	?	?	?	?	?	?	həgdjhə	?	?	?	?
grow_6	?	?	?	?	?	?	?	?	?	?	?	?	uggu	?	?	?	?	?	?	?
grow_7	?	?	?	urə	urə	?	urə	urə	?	?	?	?	?	urug	?	?	?	?	?	?
grow_8	?	?	ju	?	?	?	?	?	?	?	?	?	?	?	?	?	?	?	isəw	juː
head_1	dili	dili	dili	dʒele	djili	dili	dʒili	dele	?	?	?	dil	?	dili	dəl	dil	djlma	dul	del	dele
head_2	?	?	?	?	?	?	?	?	udʒu	udʒu	udʒo	?	udʒu	?	?	?	?	?	?	?
belly_1	?	əmugdə	əmugdə	həmdə	əmugdə	həmdə	?	həmdə	?	?	?	?	?	?	?	?	?	?	əmugdə	?
belly_2	?	?	?	?	?	?	bokko	?	?	?	?	?	?	?	?	?	?	?	?	?
belly_3	?	?	?	?	?	?	?	?	?	?	?	ur	?	?	ur	?	?	?	?	?
belly_4	?	?	?	?	?	?	?	?	?	?	?	hukte	?	?	hukitə	hukitə	hukitə	hukito	?	?
belly_5	?	?	?	?	?	?	?	?	?	?	?	?	gudəg	gudigə	?	?	?	?	?	gudəgə
belly_6	həbəli	?	?	?	?	?	?	?	həuli	həfəli	kəvəl	?	?	?	?	?	?	?	?	?
shoulder_1	?	bogdolo	bogdolo	?	?	?	?	?	?	?	?	?	?	?	?	?	?	?	?	?
shoulder_2	mirə	mijə	?	ŋujrə	məjrə	məirə	muirə	ŋujrə	məirə	məirən	mirin	miːr	miːr	miːrə	mirə	mirə	miːrə	mire	miːjə	miːrə
claw_1	?	hosikta	?	hosakta	osakta	hosakta	hosikta	hosta	?	oʃoho	?	osta	uʃitt	osikta	osiːkta	ohikta	ohiːkta	osikta	oːtta	?
claw_2	?	?	cofʔo	?	tsavakta	səfəlku	?	?	?	?	sohurqo	?	?	?	?	?	?	?	?	?
claw_3	?	?	?	?	?	?	?	?	?	?	?	?	?	?	?	?	?	?	?	ʃarbaktanbor
which_1	otsimkən	?	?	?	?	?	?	?	?	?	?	?	?	?	?	?	?	?	?	?
which_2	?	?	onobi	hoːnebiː	onbi	hoːɲibiː	?	?	?	?	?	?	?	?	?	?	?	?	?	?
which_3	?	?	?	?	?	?	?	?	?	?	?	irek	iːr	?	?	?	?	?	?	iri
which_4	?	?	?	?	?	?	?	?	?	?	?	?	?	?	edjnma	?	?	?	?	?
which_5	?	jaːu	?	hamatsaː	?	?	haːwu	χamatan	?	ai	ai	iakawwu	ijjə	awguːn	awadj	antyː	eːkuma	avadu	eːma	?
dig_1	fətə	?	?	?	fətə	fətə	?	?	?	fətə	fətə	?	?	?	?	?	?	?	?	?
dig_2	?	uləiwi	ulə	hulə	?	?	hulə	hulə	?	?	?	ul	?	ulə	uləː	ulə	?	ule	uloː	uləː
dig_3	?	?	?	?	?	?	?	?	?	?	?	?	malta	?	?	?	?	?	?	?
pull_1	?	taːn	tana	toan	?	?	toːn	toan	?	?	?	taːn	taː	?	tan	taːn	?	tan	taːn	taːn
pull_2	?	?	?	?	?	?	?	?	goti	?	?	?	?	?	?	?	?	?	?	?
pull_3	?	?	?	?	?	?	?	?	?	?	?	?	?	iru	?	?	iruː	?	?	?
pull_4	?	?	?	?	tata	tata	?	?	?	tata	tatə	?	?	?	?	?	?	?	?	?
hot_1	?	həku	həkui	pəkəsiː	?	fəkusi	həkkuːli	poqaole	?	?	?	hok	əhuddi	həkkuː	həkuː	həkuːhi	hokuːgiː	heku	həku	əku
hot_2	otskoli	?	?	?	otsosi	?	?	atsqawle	?	?	?	?	?	?	?	?	?	?	?	?
hot_3	?	?	?	?	?	?	?	?	haluː	halhuːn	halhun	?	?	?	?	?	?	?	?	?
firewood_1	mo	moː	moː	moː	moː	moː	moː	moː	mo	moː	?	moː	?	moː	moː	mol	moːl	mol	moː	mɔː
firewood_2	?	?	?	?	?	?	?	?	?	dəidʒiku	ditsk	?	?	?	?	?	?	?	?	?
firewood_3	?	?	?	?	?	?	?	?	?	?	?	?	ʃuidəŋ	?	?	?	?	?	?	?
remain_1	?	mənədʒi	?	?	?	?	?	?	?	?	?	?	?	?	?	?	?	?	?	?
remain_2	?	?	amæsa	?	?	?	?	?	?	?	?	?	?	?	?	?	?	?	?	aɲa
remain_3	?	?	?	dərədʒi	?	?	dərəjdu	dərədʒu	?	?	?	?	?	?	?	?	?	?	?	?
remain_4	?	?	?	?	data	dota	?	?	?	?	tuta	?	duta	?	?	?	?	?	?	?
remain_5	?	?	?	?	?	?	?	?	?	bi	?	?	?	?	?	?	?	?	?	?
remain_6	?	?	?	?	?	?	?	?	?	?	?	emeb	?	?	əməːnmu	omonmu	?	emenmu	əmoːp	?
remain_7	?	?	?	?	?	?	?	?	?	?	?	?	uldəːbor	?	?	?	?	?	?	?
cold_1	?	gitsisi	giliː	getse	?	gisisi	gitstsuːli	gitisi	?	?	?	?	?	?	gildj	?	?	?	gelegdi	?
cold_2	?	iŋiɲi	iŋiniː	?	iŋni	?	?	?	?	?	?	iŋeɲ	inigiddi	iŋini	iŋiniptsu	iŋiniptsu	iŋiɲiːptsu	iŋinaptsu	inindʒi	iŋin
cold_3	ədətkuli	?	?	?	?	?	?	?	?	?	?	?	?	?	?	?	?	?	?	?
cold_4	?	?	?	?	?	?	?	?	ʃimuː	ʃahuːrun	sahurun	?	?	?	?	?	?	?	?	?
feather_1	ufutə	upuktə	ofokto	upultə	ufuktə	ufultə	upuktə	upultə	?	?	?	?	?	?	?	?	?	?	?	?
feather_2	?	?	?	?	?	dəgdəcə	dəktəktə	dəqtəqtə	?	?	?	?	dəttəle	?	?	?	dəktəndə	?	dətələ	dəbtiləː
feather_3	?	?	?	?	?	?	?	?	?	fuŋgaha	fuŋal	?	?	?	?	?	?	?	?	?
feather_4	?	?	?	?	?	?	?	?	?	?	?	inŋet	?	?	?	?	?	?	?	?
feather_5	?	?	?	?	?	?	?	?	?	?	?	?	?	?	?	noːŋur	?	?	?	?
feather_6	?	?	?	?	?	?	?	?	?	?	?	?	?	?	ləpurəː	?	?	lepure	lupultə	?
cough_1	tsimiki	simpisi	simpi	siŋbisi	simki	simki	siːkpi	siŋbusu	?	?	?	hiemke	ʃiːŋki	?	simkit	hiːmkit	himkit	simki	simki	ʃimki
cough_2	?	?	?	?	?	?	?	?	futsa	futsihija	fəhsa	?	?	?	?	?	?	?	?	?
thin_1	?	?	?	?	?	?	?	?	?	?	?	?	?	?	?	dʒalanŋa	?	?	?	?
thin_2	?	?	?	?	?	?	?	?	?	narhuːn	?	?	?	?	?	?	?	?	?	?
thin_3	nəmnə	nəmnə	nəməcʔə	nəmi	nəmnə	nəmdə	nəmdə	nəmi	nəkəliə	nəkəlijən	niŋkin	nemkun	nənnə	?	nəmkuːn	?	nəmkuːn	nemkun	nəmkuːn	nəmkun
grass_1	oroktə	oːkto	oːkto	?	?	orokto	orokto	?	orho	orho	orho	oraːt	ɔrɔːtt	orokto	orokto	?	?	?	?	ɔrɔktɔ
grass_2	?	?	?	ɲadʒaha	neadʒaha	?	?	ɲadʒaha	?	nijantsiha	?	?	?	?	?	?	?	?	?	?
grass_3	?	?	?	?	?	?	?	?	?	?	?	?	?	?	?	ʃuka	ʃuːka	tsuka	tsoːha	?
foam_1	?	?	?	?	?	?	?	?	?	?	?	?	?	?	?	?	?	kamulla	?	?
foam_2	?	?	afuti	?	?	?	?	?	?	χofa	?	?	?	?	?	?	?	?	?	?
foam_3	?	?	?	hoeksa	hojaksa	hojaksa	hoisa	hojsa	?	?	?	?	hoːʃuŋ	?	?	?	?	?	?	?
foam_4	?	?	?	?	?	?	?	?	?	oboŋgi	oboŋgi	?	?	?	?	?	?	?	?	?
foam_5	?	?	?	?	?	?	?	?	?	?	?	tsoglika	?	?	tsowiːksa	tsowixsa	sowiːʃa	?	tsohsa	?
foam_6	?	?	?	?	?	?	?	?	?	?	?	?	?	?	?	?	?	?	?	kɔːkun
sour_1	?	?	?	?	?	?	?	?	?	?	?	?	?	?	?	?	gotiːptʃu	?	gotigdi	?
sour_2	dʒitkuli	?	?	?	?	?	?	?	?	?	?	?	?	?	?	?	?	?	?	?
sour_3	?	dʒuisi	dʒʉi	dʒojorsiː	dʒojorsi	dzorisi	duːruːli	dʒuːjuruli	dʒusu	dʒuʃuhun	dʒʉsxun	?	dʒiʃuŋ	?	?	?	?	?	dʒojajigdi	dʒiʃun
sour_4	?	?	?	?	?	?	?	?	?	?	?	?	?	?	idariptsu	idariːptsu	?	idariptsu	?	?
full_1	dʒalun	?	?	?	?	dzalo	?	dʒalo	?	dʒalu	dʒalu	?	dʒaluŋ	?	dʒalum	dʒalum	dʒalum	dʊlum	?	dʒalum
full_2	?	doːki	doːhi	?	?	?	?	?	?	?	?	?	?	?	?	?	?	?	doːtsiː	?
full_3	?	?	tæsi	teasbiː	teasbi	tæːs	təs	tesbi	?	?	?	?	?	?	?	?	?	?	?	?
full_4	?	?	?	?	?	?	?	?	əju	?	?	?	?	?	?	?	?	?	?	?
full_5	?	?	?	?	?	?	?	?	?	?	?	miltere	?	?	?	?	?	?	?	?
full_6	dʉːren	?	?	?	?	?	?	?	?	?	?	?	?	?	?	?	?	?	?	?
full_7	?	?	?	?	?	?	?	?	?	?	?	toli	?	?	?	?	?	?	doːlkaːn	?
day_1	inin	inəŋi	inəŋini	ini	inəŋi	in	inəŋi	inəŋ	inəŋgi	inəŋgi	inəŋ	ineŋ	inigi	inəŋiː	?	?	?	?	inəŋ	iniji
day_2	?	?	?	?	?	?	?	?	?	?	?	?	?	?	tjrganiː	tjrgaɲiː	tirgaɲiː	turganin	?	?
sleep_1	afinə	aː	?	ao	afina	ao	au	awo	?	?	?	?	aːʃin	aːsin	aː	aː	aː	ade	aː	aːʃen
sleep_2	?	?	?	?	?	?	?	?	dədu	?	?	?	?	?	?	?	?	?	?	?
sleep_3	?	?	?	?	?	?	?	?	?	aŋa	amhə	?	?	?	?	?	?	?	?	?
sleep_4	?	?	?	?	?	?	?	?	?	?	?	hukle	?	?	?	?	?	?	?	?
sleep_5	?	ŋua	ŋua	?	?	?	?	?	?	?	?	?	?	?	?	?	?	?	?	?
month_1	bia	bæː	bæ	bea	bia	bæː	beː	beː	biə	bija	bia	biag	be	beːga	beːga	beːga	beːga	bega	beːga	beː
white_1	tsiangi	tsaːgdʒa	caligi	tsaːgdʒan	tsagdʒan	caːgdza	taːgda	tsaːgdʒa	ʃaŋgia	ʃaŋgijan	saŋən	?	?	?	?	?	?	?	?	?
white_2	?	?	?	?	?	?	?	?	?	?	?	giltaɲa	giltariŋ	?	?	?	?	?	?	?
white_3	?	?	?	?	?	?	?	?	?	?	?	?	?	bagdarin	bagdama	bagdama	bagdama	bagdama	bagdajiːn	bagdaren
sew_1	ulətsi	ippi	uli	ulpi	ulfi	ulfi	ulpi	urpu	?	ifi	ivi	?	uldi	uldi	ulliː	uldi	uldiː	ulli	uli	uliː
sew_2	?	?	?	?	?	?	?	?	ara	?	?	?	?	?	?	?	?	?	?	?
sew_3	?	?	?	?	?	?	?	?	?	?	?	haŋan	?	?	?	?	?	?	?	?
kill_1	wa	waː	waː	waː	vaː	vaː	waː	waː	wadu	wa	va	maː	waː	waː	waː	waː	waː	va	waː	waː
jump_1	hurku	hokko	?	pujku	hutku	fuiku	?	?	?	?	?	irkun	?	?	?	?	?	?	?	?
jump_2	?	?	həktinə	?	?	?	?	?	?	?	kətkənə	?	?	?	?	?	?	?	?	?
jump_3	?	?	?	?	?	?	pɵtstsɵ	putsu	fuktsu	fəktsə	?	?	?	?	hətəkəːn	?	?	heteken	?	ətəkən
jump_4	?	?	?	?	?	?	?	?	?	?	?	dʒelŋemets	?	?	?	?	?	?	?	?
jump_5	?	?	?	?	?	?	?	?	?	?	?	tuːsan	tuʃʃan	?	?	?	?	?	?	?
jump_6	?	?	?	?	?	?	?	?	?	?	?	?	?	copkoru	?	?	?	?	?	?
jump_7	?	?	?	?	?	?	?	?	?	?	?	?	?	?	?	?	?	?	təski	?
jump_8	?	?	?	?	?	?	?	?	?	?	?	?	?	?	?	miktsaːn	miktsaː	?	?	?
throat_1	?	?	?	?	?	?	?	?	?	?	?	?	?	?	?	?	?	nimŋenki	?	?
throat_2	?	bigga	?	belga	bilga	bilga	bilda	beldʒa	bilha	bilha	bilha	bilga	?	?	bilga	?	?	?	belga	?
throat_3	?	?	?	?	?	?	?	?	?	?	?	?	hapatt	?	?	?	?	?	?	?
throat_4	?	?	?	?	?	?	?	?	?	?	?	?	?	?	?	?	?	?	?	tsəkəktə
throat_5	?	?	?	?	?	?	?	?	?	?	?	?	?	?	?	?	moŋon	?	?	?
throat_6	kəuləktə	?	kogu	?	?	?	?	?	?	?	?	?	?	kəːməkə	?	?	?	?	?	?
woods_1	?	moː	moːhibua	?	?	moː	moːso	?	?	?	?	?	?	?	?	moːha	moːl	?	moː	mɔːʃa
woods_2	buhatsən	?	?	?	?	?	?	?	budʒan	budʒan	budʒan	?	?	?	?	?	?	?	?	?
woods_3	?	?	?	duəntə	duəntə	duəntə	?	duəntə	?	?	?	?	?	?	?	?	?	?	?	?
woods_4	?	?	?	?	?	hurə	purət	?	?	?	?	?	?	?	?	?	?	?	?	?
woods_5	?	?	?	?	?	?	?	?	?	?	?	isag	?	?	?	?	?	?	?	?
woods_6	?	?	?	?	?	?	?	?	?	?	?	?	ʃige	sigiː	sigiː	?	?	?	?	?
woods_7	?	?	?	?	?	?	?	?	?	?	?	?	?	?	?	?	?	agi	?	?
there_1	tadu	taːdu	tadu	tadu	taːdu	tado	?	tedo	?	tədə	tərva	tadu	tadu	talaː	taːduː	?	təːləː	tadu	taːduː	tadu
there_2	?	?	?	tsadu	?	?	tsadu	?	?	?	?	?	?	?	?	?	?	?	?	?
find_1	bakkə	baː	bʔa	baː	baka	baː	baː	baː	baha	baha	bahə	bak	baha	baka	baka	baka	baka	baka	baha	baka
flow_1	əji	əjə	əjə	həjə	əjəgi	həjə	həjə	həjə	əi	əjə	əji	?	əjəː	əjəːn	əjəːn	ojon	ojaːn	een	əjoː	əjəː
flow_2	?	?	?	?	?	?	?	?	?	?	?	nubli	?	?	?	?	?	?	?	?
many_1	malhuŋ	?	?	?	maːhon	malhon	?	?	?	?	?	?	?	?	?	?	?	?	?	?
many_2	?	əgdi	əgdi	əgdʒi	?	əgdi	əgdʒi	əgdi	?	?	?	?	?	həgdiː	?	?	?	?	əgdi	?
many_3	?	?	?	?	?	?	bara	?	?	?	?	?	baraŋ	?	?	?	?	?	?	baraːn
many_4	?	?	?	?	?	?	?	?	ambala	?	?	?	?	?	?	?	?	?	?	?
many_5	?	?	?	?	?	?	?	?	?	gərən	?	?	?	?	?	?	?	?	?	?
many_6	?	?	?	?	?	?	?	?	?	?	lavdo	?	?	?	?	?	?	?	?	?
many_7	?	?	?	?	?	?	?	?	?	?	?	oːkida	?	?	?	?	?	?	?	?
many_8	?	?	?	?	?	?	?	?	?	?	?	?	?	?	kətə	kətə	kətə	kete	?	?
chew_1	?	seiwi	sa	?	?	?	seː	seː	?	sai	?	hia	?	?	seː	heː	həː	se	seː	ʃəː
chew_2	niani	?	?	?	ɲaɲu	ɲano	?	?	?	nijanio	niani	?	nanu	?	?	?	?	?	?	?
chew_3	?	?	?	səkpətsi	?	?	?	?	?	?	?	?	?	?	?	?	?	?	?	?
swallow_1	imnur	ɲimmə	niŋmə	luŋbə	liŋmə	lumgə	nuŋbə	?	?	nuŋgə	nuŋu	ɲimŋe	niŋə	?	nimŋə	ɲimŋə	ɲimŋə	nimŋe	nimŋə	nimŋə
swallow_2	?	?	?	?	?	?	?	kotala	?	?	?	?	?	?	?	?	?	?	?	?
swallow_3	?	?	?	?	?	?	?	?	?	?	?	?	?	?	amŋa	?	?	?	?	amŋan
wet_1	tsipka	tsippa	cifuŋʔei	tsakpa	tsepka	tsifka	tsikpa	tseqpa	?	?	?	?	?	?	?	?	?	?	?	?
wet_2	?	?	?	?	?	?	mɵɵtəmə	?	?	?	?	?	?	?	?	?	?	?	?	?
wet_3	?	?	?	?	?	?	?	?	uʃihə	usihin	usxin	?	?	?	?	?	?	mukte	?	?
wet_4	?	?	?	?	?	?	?	?	?	?	?	ulaktsa	ulukkuŋ	ulapkun	ulapkuːn	ulaːpkun	ulapkun	?	olaputsi	?
wet_5	?	?	?	?	?	?	?	?	?	?	?	?	?	?	?	?	?	?	?	ɲalakin
four_1	duin	diː	diː	duin	diːn	duiː	dʒiːn	dui	duin	duin	dujin	digen	digiŋ	digin	djgin	digin	digin	dugin	digin	dijin
soft_1	ujan	?	?	?	?	?	?	oja	?	?	?	?	ujiŋ	?	?	?	?	?	?	?
soft_2	?	?	?	?	?	?	?	?	?	?	?	?	?	?	?	?	?	?	?	ibgən
soft_3	?	napunapu	?	?	?	?	?	naponapobi	?	?	?	?	?	?	?	?	?	?	?	?
soft_4	?	?	dʒaːsʔa	?	?	?	?	?	?	?	?	?	?	?	?	?	?	?	?	?
soft_5	?	?	?	uktsuŋuktsuŋbiː	?	?	?	?	?	?	?	?	?	?	?	?	?	?	?	?
soft_6	?	?	?	?	nəmunəmu	nəmunəmubiː	?	?	?	?	?	?	?	?	ɲəmumə	ɲəmuːlə	ɲamuːma	nʊmuma	ɲamuɲamu	?
soft_7	?	?	?	?	?	?	dɵjɵ	?	?	?	?	doj	dəji	?	?	?	?	?	?	?
soft_8	?	?	?	?	?	?	?	?	?	gəŋgən	?	?	?	?	?	?	?	?	?	?
soft_9	?	?	?	?	?	?	?	?	?	?	ulukun	?	luŋkih	?	?	?	?	?	?	?
look_1	itsi	itsədi	isəsi	itsədʒə	itsədji	iskə	itə	itsədʒə	?	?	?	itsuli	iʃi	icə	itsət	isət	iʃət	itset	itsət	itsi
look_2	?	?	?	?	?	?	?	?	to	tuwa	?	?	?	?	?	?	?	?	?	?
look_3	?	?	?	?	?	?	?	?	?	?	savə	?	?	?	?	?	?	?	?	?
nasal_mucus_1	niaŋki	?	?	?	?	?	huriganaːksani	?	?	nijaki	ovurjaŋk	?	?	?	?	?	?	?	?	?
nasal_mucus_2	?	inuksa	?	enoksa	enoksa	inoksa	?	enoksa	?	?	?	?	?	?	?	?	?	?	?	?
nasal_mucus_3	?	?	ligba	?	?	?	?	?	?	?	?	?	?	?	?	?	?	?	?	?
nasal_mucus_4	?	?	?	?	?	?	?	?	?	?	?	umajik	?	?	?	?	?	?	?	?
nasal_mucus_5	?	?	?	?	?	?	?	?	?	?	?	?	ileʃʃi	oŋoktoiliksa	iliksa	?	?	?	eliksa	elekʃa
that_1	ti	təi	təji	təj	tij	ti	tari	te	?	tərə	tər	tar	tari	tari	tar	tar	tawar	taː	taj	tare
that_2	?	?	?	?	?	?	tsa	?	?	?	?	?	?	?	?	?	?	?	?	?
cut_1	hoji	hoi	?	?	xoi	?	?	?	?	?	?	?	?	?	?	?	?	?	?	?
cut_2	?	?	minde	?	?	?	miːnə	ŋujnə	?	?	?	miːne	?	miː	miː	?	miːnoː	mine	miː	?
cut_3	?	?	?	tsaːso	tsaso	caːli	?	tsaːlo	?	?	?	?	?	?	?	?	?	?	tsoli	?
cut_4	?	?	?	?	?	?	?	dʒuː	?	?	?	?	dʒigi	?	?	?	?	?	?	dʒigə
cut_5	?	?	?	?	?	?	?	?	fita	faita	furu	?	?	?	?	?	?	?	?	?
mother_1	əni	əɲi	əni	ənin	əɲə	əɲi	ənin	əɲəːn	?	?	əni	eɲin	əniŋ	ənəː	əniːn	əɲeː	əɲiː	eni	əɲin	ənin
mother_2	?	?	?	?	?	?	?	?	əmə	əmə	?	?	?	?	?	?	?	?	?	?
scratch_1	usikalə	?	wai	hosese	?	?	hosi	hosatso	uʃa	uʃa	?	osi	ʃiː	?	osiː	?	?	osi	osiː	?
scratch_2	?	hutuɲisi	?	?	otonsi	hotorsi	?	?	?	?	?	?	?	?	?	?	?	?	?	?
scratch_3	?	?	?	?	?	?	?	?	?	?	?	?	?	malta	?	?	?	?	?	?
scratch_4	?	?	?	?	?	?	?	?	?	?	?	?	?	?	?	?	?	?	?	kaŋna
scratch_5	?	?	?	?	?	?	?	?	?	?	sodu	?	?	?	?	?	?	?	?	?
sun_1	tsiwun	səu	suː	siun	siun	siu	suːn	siun	ʃəun	ʃun	sun	?	ʃiguŋ	siguːn	?	?	?	?	siwun	?
sun_2	?	?	?	?	?	?	?	?	?	?	?	ɲoːlten	?	?	?	?	?	?	?	?
sun_3	?	?	?	?	?	?	?	?	?	?	?	?	?	?	djlatsaː	djlasaː	dʒilasaː	dulatsa	?	delatsa
look_for_1	gəltə	gələktə	galakta	gələgu	?	gələ	gələ	gələ	?	?	?	gele	gələ	gələːktə	gələːktə	gələːktə	?	gelekte	gəloːkti	gələː
look_for_2	?	?	?	?	ikəgdətsi	?	?	?	?	?	?	?	?	?	?	?	?	?	?	?
look_for_3	?	?	?	?	?	?	?	?	bəi	bai	bia	?	?	?	?	?	?	?	?	?
look_for_4	?	?	?	?	?	?	?	?	?	?	?	?	nəddə	?	?	?	?	?	?	?
brain_1	?	iːgə	?	iːgə	igə	igə	idə	idʒəɣ	?	?	?	irge	iggə	?	irgə	?	irgə	?	iggə	irgə
brain_2	fəhi	?	?	?	?	?	?	?	?	fəhi	fix	?	?	?	?	?	?	?	?	?
brain_3	?	?	di	?	?	?	?	?	?	?	?	?	?	?	?	?	?	tupu	?	?
brain_4	meji	?	?	?	?	?	?	?	?	?	?	?	?	?	?	?	?	?	?	?
warm_1	niamkuli	?	ɲami	ɲama	ɲama	ɲæːma	namauli	ɲama	?	?	?	ɲam	namaddi	nama	ɲama	ɲamaptsu	ɲamaptsu	nʊma	ɲam	ɲama
warm_2	?	həkusi	?	?	?	?	?	?	?	?	?	?	?	?	?	?	?	?	?	?
warm_3	?	?	?	?	?	huldi	?	huldu	?	?	?	?	?	?	?	?	?	?	?	?
warm_4	?	?	?	?	?	?	?	?	?	bulukanbor	boloqunbor	?	?	?	?	?	?	?	?	?
warm_5	?	?	?	?	?	?	?	?	duluː	?	?	duːl	?	?	?	?	?	?	?	?
cover_1	dasi	?	?	dase	daːli	dasi	?	?	?	dalda	dalda	das	?	?	dal	?	das	dal	das	?
cover_2	?	?	?	?	?	daːkan	dakkan	daqan	?	?	?	?	?	?	?	?	?	?	?	?
cover_3	?	?	?	?	?	?	?	?	huədi	huwədʒə	?	?	?	?	?	?	?	?	?	?
cover_4	?	?	?	?	?	?	?	?	?	?	?	?	hakkalla	?	?	?	?	?	?	?
cover_5	?	?	?	?	?	?	?	?	?	?	?	?	?	?	kuptu	kuptu	?	?	?	?
cover_6	?	?	?	?	?	?	?	?	?	?	?	?	?	?	?	?	?	?	?	uktəːn
cover_7	?	nəmə	nəmə	?	?	?	nəmbə	?	?	?	?	nemne	?	?	?	?	?	?	?	?
woman_1	asən	asa	aːnta	?	asibəjə	asa	?	?	?	?	?	asi	aʃaːl	asiːbəjə	asiː	ahiː	ahiː	asi	asiː	aʃeːbəjə
woman_2	?	?	?	?	?	?	?	?	həhə	həhə	xəxənan	?	?	?	?	?	?	?	?	?
woman_3	?	əːkə	?	əktəni	?	?	əːktənneː	əːqtə	?	?	?	?	?	?	?	?	?	?	?	?
deep_1	sunta	suŋta	suŋta	soŋta	soŋta	soŋta	sukta	soŋta	?	?	?	huːnta	ʃunt	?	suŋta	?	huŋta	suŋta	soŋta	ʃuŋta
deep_2	?	?	?	?	?	?	?	?	ʃomi	ʃumin	sʉmin	?	?	?	?	?	?	?	?	?
above_1	uirdʒigədu	ujədʒilə	?	ujələ	ujdə	ujə	uwweː	uj	?	wəsihun	?	ojdedu	ugilə	?	ugiːdəː	ugi	uji	ugitmer	ugwidoː	ujləː
above_2	?	?	?	?	?	?	?	?	?	?	nuŋsi	?	?	?	?	?	?	?	?	?
female_1	asan	?	?	?	asi	asa	?	?	?	?	?	asi	aʃaːl	asiː	asiː	?	?	asi	asiː	aʃeː
female_2	?	?	?	əktə	?	?	əːktə	əːqtə	?	həhə	xəxə	?	?	?	?	?	?	?	?	?
female_3	?	?	?	?	?	?	?	?	əmilə	?	?	?	?	?	?	?	?	?	?	?
female_4	?	ənəː	əni	?	?	əɲə	əninə	ənnə	?	?	?	?	?	?	?	?	?	?	?	?
put_on_1	titi	təti	təti	tətu	tətigi	tutu	təidu	tətu	?	?	?	tet	təti	təti	tət	?	tət	tet	tət	tət
put_on_2	?	?	?	?	?	?	?	?	ətu	ətu	utu	?	?	?	?	?	?	?	?	?
other_1	?	?	?	?	?	?	?	?	?	?	?	?	?	?	?	?	?	dil	?	?
other_2	gia	?	?	goj	gean	goi	goi	goj	?	guːwa	gua	gia	?	?	?	geː	?	?	geː	?
other_3	?	hoŋto	hoŋto	?	?	?	?	?	?	?	?	hoːnte	ontu	huntu	uŋtu	huŋtu	huŋtu	?	hoŋktə	oŋto
forehead_1	həji	?	həiə	pəːjə	həjə	fəi	pəːjə	pəjə	?	?	?	?	?	?	?	?	hojoːn	hee	?	?
forehead_2	?	gul	?	?	?	?	?	?	?	?	?	?	?	?	?	?	?	?	?	?
forehead_3	?	?	?	?	?	?	?	?	?	ʃəŋgin	siŋəltal	?	?	?	?	?	?	?	?	?
forehead_4	?	?	?	?	?	?	?	?	?	?	?	omkat	?	omkoto	omkoto	?	?	?	omkoto	?
forehead_5	?	?	?	?	?	?	?	?	?	?	?	?	maŋgil	?	?	?	?	?	?	maŋgeːla
left_1	hasuktə	?	?	?	hasta	χasoχta	?	?	has	hashuː	?	?	?	?	?	?	?	?	?	?
left_2	?	dʒæːɲdʒi	dʒiəŋədʒə	dʒəuŋiə	?	?	dəundʒeː	dʒəundʒi	?	?	?	dʒegengeg	dʒəgiŋ	dzəgin	dʒəwin	dʒəgin	dʒəgiŋu	deginŋu	?	?
left_3	?	?	?	?	?	?	?	?	?	?	sœlhu	?	?	?	?	?	?	?	?	?
rise_1	?	ɲuːgi	?	?	?	?	?	?	?	?	?	?	?	?	juː	?	?	deginŋu	?	?
rise_2	?	?	dəgdə	dəgdə	?	dəgdə	tədə	?	dəkdə	dəkdə	dəxdə	?	dəddə	?	dəgdə	?	?	?	?	dəgdə
rise_3	?	?	?	?	?	?	?	agbon	?	?	?	?	?	?	?	?	?	?	?	?
rise_4	?	?	?	?	?	?	?	?	?	?	?	hieweɲ	?	?	?	?	?	?	?	?
rise_5	?	?	?	?	?	?	?	?	?	?	?	?	?	ili	?	?	?	?	?	?
rise_6	?	?	?	?	?	?	?	?	?	?	?	?	?	?	?	?	tukti	?	tukti	?
rise_7	?	?	?	?	?	?	?	?	?	?	?	?	?	?	?	?	ugiriːw	ugiriv	?	?
dry_1	olgu	?	ogʔou	holgona	?	holgo	holdoho	holdʒo	oholo	olhon	olhun	?	ɔlgɔhuŋ	olgo	olgokin	olgoːkin	olgoːkin	olokin	olgohin	ɔlgɔken
dry_2	?	ilaki	iləhi	?	iləkin	?	?	?	?	?	?	ileŋ	?	?	?	?	?	?	?	?
how_1	?	?	?	?	?	?	?	?	?	?	ərai	?	?	?	?	?	?	?	?	?
how_2	oni	oːɲi	ono	hoːne	oːni	hoɲ	hoːni	hone	?	ainamə	?	oːn	ɔːndi	oːn	oːn	on	on	on	oːn	ɔːn
break_1	?	?	?	?	?	?	?	?	?	?	?	?	?	tsikaːliː	?	?	?	?	?	?
break_2	?	?	?	?	?	?	?	?	?	?	?	?	?	?	suktsa	huktsa	huktsa	?	?	?
break_3	?	sətəli	?	?	?	?	?	?	?	?	?	?	?	?	?	?	?	?	?	?
break_4	?	?	musi	?	moktogi	?	?	?	?	?	?	?	?	?	?	?	?	?	?	?
break_5	?	?	?	bojale	?	boilao	bujal	bojalo	?	?	?	?	?	?	?	?	?	?	?	?
break_6	?	?	?	?	?	?	?	?	ladʒa	?	?	?	?	?	?	?	?	?	?	?
break_7	?	?	?	?	?	?	?	?	?	bila	?	?	?	?	?	?	?	?	?	?
break_8	?	?	?	?	?	?	?	?	?	?	?	?	?	?	?	?	?	?	deldam	?
break_9	?	?	?	?	?	?	?	?	?	?	huadʒi	?	?	?	?	?	?	?	?	?
break_10	?	?	?	?	?	?	?	?	?	?	?	haːju	?	?	?	?	?	?	haji	?
break_11	?	?	?	?	?	?	?	?	?	?	?	?	?	?	?	?	?	ʊŋu	?	?
break_12	əbdu	?	?	?	əbdə	?	?	?	?	?	?	?	əddu	?	?	?	?	?	?	əbdəw
where_1	iadu	idu	jedu	hajdo	eːdu	haido	haidu	χajdo	?	aibi	java	idu	ilə	iləː	iːduː	idu	iːdu	idu	iːduː	idu
spin_1	?	?	?	?	?	?	?	?	?	?	?	?	?	?	?	?	?	?	?	tolli
spin_2	jubgu	?	?	?	?	?	?	?	?	?	?	?	?	?	?	?	?	?	?	?
spin_3	?	?	?	?	χotse	?	?	?	?	?	?	?	?	?	?	?	?	?	?	?
spin_4	?	?	?	?	?	?	murri	?	?	?	?	?	?	?	?	?	?	?	?	?
spin_5	?	?	?	?	?	?	?	?	?	?	fatə	?	?	?	?	?	?	?	?	?
spin_6	?	tompo	tompo	tompo	?	tomfo	tokpo	toŋpo	?	?	?	tomka	tɔŋɔn	?	tomko	?	?	?	tomko	?
spin_7	?	?	?	?	?	?	?	?	?	foro	?	?	?	?	?	?	?	?	?	ɔrɔl
ripe_1	?	huru	?	huru	iri	huru	huru	huru	urə	?	uru	ir	urbu	iri	ir	?	ir	ir	ij	ir
ripe_2	ihən	?	?	?	?	?	?	?	?	?	?	?	?	?	?	?	?	?	?	?
ripe_3	?	?	haj	?	?	aida	?	?	?	?	?	?	?	?	?	?	?	?	?	?
ripe_4	?	?	?	?	?	?	?	?	?	fahana	?	?	?	?	?	?	?	?	?	?
lick_1	ilətsi	ilei	ilə	ilə	ilətsi	ilə	ilə	ilə	?	ilə	ili	?	ilhə	?	?	?	?	?	?	ilədəː
lick_2	?	?	?	?	?	?	?	?	?	?	?	tsuː	?	?	tsiːb	?	ʃip	"tsiv	"	tsew	?
open_1	?	?	?	?	dəgbəli	?	?	dəgbə	?	?	?	?	?	?	?	?	?	?	?	?
open_2	?	?	?	?	?	?	?	?	?	?	?	aːŋa	?	?	?	aŋa	?	aŋa	?	?
open_3	?	?	?	?	?	?	?	?	?	?	?	?	tiːn	?	?	?	?	?	?	?
open_4	?	?	?	?	?	?	?	?	?	?	?	?	?	kaːlga	?	?	?	?	?	?
open_5	?	?	?	?	?	?	?	?	?	?	?	?	?	?	?	?	?	?	?	laŋe
open_6	nəi	nihə	ŋigi	nihəli	nihəli	ihəli	niː	ɲiː	nəi	nəi	li	?	?	?	niː	?	?	?	niː	?
tall_1	gugda	gugda	gugda	gogda	gugda	gogda	gugda	gogda	?	?	?	guːd	gudda	?	gugda	gugdaː	gugda	gugda	gogda	gugda
tall_2	?	?	?	?	?	?	?	?	də	dən	dən	?	?	?	?	?	?	?	?	?
bad_1	əhələ	?	?	?	əhələ	əhələ	?	?	əhə	əhə	əx	?	?	?	?	?	?	?	?	?
bad_2	?	okki	?	orken	?	orki	orki	orke	?	?	?	?	?	?	?	?	?	?	?	?
bad_3	?	?	maŋga	?	?	?	?	?	?	?	?	?	?	?	?	?	?	?	?	?
bad_4	?	?	?	?	?	?	?	?	?	?	?	keːɲeli	?	?	?	?	?	?	?	?
bad_5	?	?	?	?	?	?	?	?	?	?	?	?	əru	əruː	əruː	əruːptsu	əruptsu	eru	?	əru
bad_6	?	?	?	?	?	?	?	?	?	?	?	?	?	?	?	?	?	?	osa	?
bark_1	ərhtə	?	?	?	?	?	?	?	?	?	?	?	həːr	?	?	?	?	?	?	kəːrə
bark_2	?	?	?	waːtse	?	?	?	?	?	?	?	?	?	?	?	?	?	?	?	?
bark_3	?	?	?	?	?	?	?	?	?	notho	?	?	?	?	?	?	?	?	?	?
bark_4	?	?	?	?	?	?	?	?	?	?	soqo	?	?	?	?	?	?	?	?	?
bark_5	?	?	?	?	?	?	?	?	?	?	?	?	?	?	?	?	dawahsa	?	?	?
bark_6	?	?	?	?	?	?	?	?	?	?	?	?	?	?	?	taluː	?	?	?	talu
bark_7	?	iwakta	wakta	?	orakta	horakta	hurakta	horaqta	?	?	?	urta	?	?	?	?	?	?	?	?
bark_8	?	?	?	?	?	?	?	?	?	?	?	?	?	?	uldaksa	uldaːxsa	?	uldaksa	ogdaksa	?
breathe_1	ərksi	əisi	əikpəsi	ərsi	ərgəsi	ərgə	əːri	əːrpu	?	ərgəngai	ərxəmgia	?	ərgə	əriː	əriː	?	əriː	eri	əjiː	əriː
breathe_2	?	?	?	?	?	?	?	?	?	?	?	hiːra	?	?	?	?	?	?	?	?
count_1	?	taŋæː	taŋi	?	?	?	?	?	?	?	?	taŋ	taŋi	taŋi	taŋ	taŋ	?	taŋi	taŋ	taŋ
count_2	?	taun	?	taon	taona	taon	taun	taon	?	?	?	?	?	?	?	?	?	?	?	?
count_3	tolobor	?	?	?	?	?	?	?	?	tolobor	tolubor	?	?	?	?	?	?	?	?	?
die_1	budə	bu	budə	bu	budə	budə	bu	bulbu	butsi	butsə	bətsə	?	bud	bu	bu	bu	buː	bu	bu	bu
die_2	?	?	?	?	?	?	?	?	?	?	?	koke	?	?	?	?	?	?	?	?
dirty_1	?	ɲaŋsaki	?	?	?	jaŋgsako	naŋisa	jaŋsatso	?	laŋsə	laŋs	ɲaŋsamnan	?	?	ɲaŋɲatsiː	ɲandaʃi	ɲaŋda	nʊŋnʊtsi	?	?
dirty_2	adatkuli	?	?	?	?	?	?	?	?	?	?	?	?	?	?	?	?	?	?	?
dirty_3	?	?	təgbəni	?	?	?	təlbəːnuːli	?	?	?	?	?	?	?	?	?	?	?	təlbo	?
dirty_4	?	?	?	tseptsan	?	?	?	?	?	?	?	?	?	?	?	?	?	?	?	?
dirty_5	?	?	?	?	erbasi	irbasiktala	?	ɲelbarse	?	?	?	?	?	?	?	?	?	?	?	?
dirty_6	?	?	?	?	?	?	?	?	hatatsuka	?	?	?	?	?	?	?	?	?	?	?
dirty_7	?	?	?	?	?	?	?	?	?	?	?	?	budʒir	?	?	?	?	?	?	budʒar
dust_1	?	burəhi	?	?	burəŋgi	?	?	burəhi	buraki	buraki	?	?	?	?	?	?	?	?	?	?
dust_2	fuŋsu	?	?	?	?	faŋsaŋgi	?	?	?	?	?	?	?	?	?	?	?	?	?	?
dust_3	?	sutulaktein	sutu	?	?	?	?	?	?	?	?	?	?	?	?	?	?	?	?	?
dust_4	?	?	?	gumuhin	?	?	?	?	?	?	?	?	?	?	?	?	?	?	?	?
dust_5	?	?	?	?	?	?	puktaː	poŋta	?	?	?	?	?	?	?	?	?	?	?	?
dust_6	?	?	?	?	?	?	?	?	?	?	?	buledewun	?	?	?	?	?	?	?	?
dust_7	?	?	?	?	?	?	?	?	?	?	?	?	?	?	naːmnə	?	?	?	?	?
dust_8	?	?	?	?	?	?	?	?	?	?	?	?	?	?	?	?	?	tukala	tohola	?
dust_9	?	?	?	?	?	?	?	?	?	?	?	?	tɔːrɔl	?	?	?	?	?	?	tɔːrag
fat_1	iməhsə	umuksə	imo	simuksə	imuksə	simuksə	simuksə	simsə	?	?	?	imse	?	imuksə	imuːksə	imuːrən	imuːhso	imukse	imuksə	imukʃə
fat_2	?	?	?	?	?	?	?	?	taruː	targuː	?	?	?	?	?	?	?	?	?	?
fat_3	?	?	?	?	?	?	?	?	?	?	dʒifaŋ	?	?	?	?	?	?	?	?	?
fat_4	?	?	?	?	?	?	?	?	?	?	?	?	ʃiːld	?	?	?	?	?	?	?
father_1	ama	amin	abu	amen	amin	ama	amin	amaːm	ama	ama	amə	ama	amiŋ	amaː	amiː	ameː	amiː	ama	amin	amen
fear_1	nələ	ŋəːlətsi	ŋələ	ŋəːləːtsi	ŋələ	ləːlə	ŋəːlə	ŋəːlətsu	gələ	gələ	gələ	ŋeːl	nəːli	nəːlə	ŋəːlə	?	ŋaːlit	ŋelet	ŋoːlə	ŋəːlə
fight_1	tantamatsi	?	?	?	?	?	?	?	?	?	tandə	?	?	?	?	?	?	?	?	?
fight_2	?	ŋoːtsi	?	?	?	?	ŋoːto	?	?	?	?	?	?	?	?	?	?	ŋortsa	mottsan	?
fight_3	?	?	wali	?	?	vaːtsi	?	waːle	?	?	?	?	?	?	?	?	?	?	?	waːlde
fight_4	?	?	?	sore	sore	sorgasori	sori	sore	sori	?	?	?	?	?	?	?	?	?	?	?
fight_5	?	?	?	?	?	?	?	delmatso	?	?	?	dilmats	?	?	?	?	?	?	?	?
fight_6	?	?	?	?	?	?	?	?	?	?	?	kusi	?	?	kusiː	?	kuhiː	?	kusiː	?
fight_7	?	?	?	?	?	?	?	?	?	?	?	?	tənʃi	?	?	?	?	?	?	?
fight_8	?	?	?	?	?	?	?	?	?	?	?	?	?	dailaldu	?	?	?	?	?	?
fight_9	?	?	?	?	?	?	?	?	?	afa	?	?	?	?	?	?	?	?	?	?
five_1	sundʒa	tuŋa	tuŋa	tojŋa	toɲŋa	toiŋga	tunda	tondʒa	ʃundʒa	sundʒa	sundʒa	tunŋan	tuŋa	tunna	tunŋa	tunŋa	tunŋa	tunŋa	toɲŋa	tuŋŋa
flower_1	ilgalki	ilakta	ila	?	elakta	ilka	sillaː	sela	ilha	ilha	ilha	?	ilga	ilgaː	?	?	?	?	?	elga
flower_2	?	?	?	?	?	?	?	?	?	?	?	ɲoːtse	?	?	noːdj	?	?	ŋogdu	?	?
flower_3	?	?	?	?	?	?	?	?	?	?	?	?	?	?	?	?	?	?	abdahaːn	?
fog_1	tamnəksə	tamna	tamnæ	tamna	tamnaksa	tamna	tamna	tamna	talmagi	talman	talmən	tanmaːri	tamna	tamnaksa	tamnaksa	?	tamŋa	tamnaksa	tamnaksa	tamna
freeze_1	gəgti	gəkti	gəkti	gəktsi	gitsigili	gəktsi	?	?	gəti	gətsə	gətsu	?	gətti	?	?	?	?	?	?	?
freeze_2	?	?	?	?	?	?	suŋun	siŋgudʒu	?	?	?	?	?	?	?	?	?	?	iŋum	?
freeze_3	?	?	?	?	?	?	?	?	?	?	?	batan	?	?	?	?	?	?	?	?
freeze_4	?	?	?	?	?	?	?	?	?	?	?	?	?	?	doŋoto	doŋoto	doŋoto	doŋoto	?	dɔŋɔtɔ
fruit_1	tubəki	?	?	?	?	?	?	?	tujuhə	tubihə	?	tewte	tupi	?	təuktə	?	?	?	təwuktə	tubiki
fruit_2	?	gəbəku	gəgbəŋku	?	?	?	?	?	?	?	?	?	?	?	?	?	?	?	?	?
fruit_3	?	?	?	amtaka	amtaka	amtaqa	?	amtaqa	?	?	?	?	?	?	?	?	?	?	?	?
fruit_4	?	?	?	?	?	?	səduhi	?	?	?	?	?	?	?	?	?	?	?	?	?
fruit_5	?	?	?	?	?	?	?	?	?	?	sulxo	?	?	?	?	?	?	?	?	?
fruit_6	?	?	?	?	?	?	?	?	?	?	?	?	?	?	diktə	dʒiktə	dʒiktə	dikte	?	?
green_1	?	?	?	?	?	?	?	?	?	?	?	tsuːlbaɲa	ʃɔːriŋ	?	tsulama	tsuːlama	?	tsulama	tsojiːn	tsuturin
green_2	niuŋgian	ɲuːgdʒa	njogje	ɲoŋean	ɲongian	noŋgæːn	ɲoːgdo	ɲoːgdʒo	niəŋia	niowaŋgijan	nʉŋnian	?	?	?	?	?	?	?	?	?
guts_1	tsilhə	?	?	?	?	?	silokto	?	?	?	?	hilta	ʃilatt	silukta	silukta	hilukta	hilukta	silikta	selta	ʃelukta
guts_2	?	doː	do	?	?	doː	?	?	duha	duha	duha	?	?	?	?	?	?	?	?	?
guts_3	?	?	?	puhin	fukin	fuhi	puhi	puku	?	?	?	?	?	?	?	?	?	?	?	?
heart_1	miawun	mæːawa	mæwa	meawan	meavan	mæːva	meːwa	meːwa	niəma	nijaman	niamən	miawun	meːgaŋ	miːgan	meːwan	meːwan	meːwan	mevan	meːwan	meːgan
here_1	ədu	əːdu	odu	əjdu	eːdu	əidu	jədu	əjdu	?	ədə	ərva	edu	ədu	əduː	əduː	əduː	?	edu	oduː	ədu
hunt_1	?	baːtu	?	?	?	?	?	?	?	?	?	?	?	?	?	?	?	?	?	?
hunt_2	bihanfuli	?	?	?	?	?	?	?	?	?	?	?	?	?	?	?	?	?	?	?
hunt_3	?	?	?	?	?	?	?	?	?	?	?	?	?	?	bulta	bultaː	bultaː	?	?	?
hunt_4	?	?	waːktsa	waːjtsa	?	vaica	?	?	?	?	?	?	?	?	?	waː	?	?	?	?
hunt_5	?	?	?	?	karatsi	kartsi	?	?	?	?	?	?	?	?	?	?	?	?	?	?
hunt_6	?	?	?	?	?	?	bɵjjɵu	bəjtsu	?	?	?	buju	bəjuːʃi	bəjtsi	?	?	?	beʊmi	bojit	bəju
hunt_7	?	?	?	?	?	?	?	?	sahada	?	?	?	?	?	?	?	?	?	?	?
hunt_8	?	?	?	?	?	?	?	?	?	abala	avələ	?	?	?	?	?	?	?	?	?
ice_1	dʒukə	dʒukə	dʒugde	dʒukə	dʒukə	dzukə	?	dʒuwə	dʒuhə	dʒuhə	dʒuxo	dʒok	?	?	dʒukə	dʒukə	dʒukə	dʊke	dʒuhə	?
ice_2	?	?	?	?	?	?	bukkə	?	?	?	?	bokes	?	?	?	?	?	?	?	?
ice_3	?	?	?	?	?	?	?	?	?	?	?	?	əməʃʃi	umuksə	?	?	?	?	?	umukʃu
lake_1	talgə	?	?	?	talga	talga	?	?	?	?	?	?	?	?	?	?	?	?	?	?
lake_2	?	tuŋgi	toŋi	?	?	?	?	?	?	?	?	toŋeːr	?	?	?	?	?	?	?	?
lake_3	?	omo	?	amoan	amkan	amo	omoː	omo	?	omo	om	?	amudʒi	amutsi	aːmut	amut	amutkaːn	amut	amut	amudʒe
lake_4	?	?	?	?	?	?	?	?	?	?	norobor	?	?	?	?	?	?	?	?	?
live_1	baldi	baːgdi	bagdi	baldʒe	baldi	baldi	baldʒi	balda	?	bandʒi	bandʒi	?	baldi	?	?	?	?	?	baldi	balde
live_2	?	?	?	?	?	?	biː	?	?	?	?	bi	?	?	bidʒə	bi	bi	?	?	?
live_3	?	?	?	?	?	?	?	?	tahasu	?	?	?	?	?	?	?	?	?	?	?
live_4	?	?	?	?	?	?	?	?	?	?	?	?	inə	iːnikin	?	in	in	in	?	?
moon_1	bia	bæː	bæ	bea	bia	bæː	beː	beː	biəa	bija	bia	biag	beːga	beːga	beːga	beːga	beːga	bega	beːga	beːag
narrow_1	?	?	?	?	?	?	?	?	?	?	?	?	?	?	?	tjjəː	?	?	?	?
narrow_2	nəmnə	nəmnə	nəmnəsʔə	nəmdə	nəmnə	?	nəmdə	nəmdə	?	?	?	?	?	?	?	?	?	?	?	?
narrow_3	?	?	?	?	?	firmi	?	?	?	?	?	?	?	?	?	?	?	?	?	?
narrow_4	?	?	?	?	?	?	?	?	isəhun	ishəlijən	?	?	?	?	?	?	?	?	?	?
narrow_5	?	?	?	?	?	?	?	?	?	?	hevərhun	?	?	?	?	?	?	?	?	?
narrow_6	?	?	?	?	?	?	?	?	?	?	?	tsuputi	?	?	?	?	?	?	?	?
narrow_7	?	?	?	?	?	?	?	?	?	?	?	?	daʃʃi	?	?	?	?	?	?	?
narrow_8	?	?	?	?	?	?	?	?	?	?	?	?	?	?	silimkuːn	?	ʃilimkuːn	silimkun	silimkuːn	ʃilimkun
near_1	kaltsi	?	?	?	kaltsi	kaltsi	?	?	hantsi	hantsi	?	?	?	?	?	?	?	?	?	?
near_2	?	dʒappa	?	?	?	?	dakpa	dʒaqpa	?	?	?	?	?	?	?	?	?	?	?	?
near_3	?	?	daːsʔa	?	?	dari	?	?	?	?	?	?	dag	daga	daga	?	dagakaːn	daga	daga	daga
near_4	?	?	laŋ	laŋ	laŋlaŋ	laŋlaŋ	laha	laŋ	?	?	?	?	?	?	?	?	?	?	?	?
near_5	?	?	?	?	?	?	?	?	?	?	dalvə	dalbu	?	?	?	?	?	?	?	?
person_1	nio	ɲæː	niː	naj	?	nai	nari	ɲiː	niəlma	nijalma	?	?	?	?	?	?	?	?	?	?
person_2	?	?	?	?	bəjə	?	?	?	?	?	?	bej	bəjə	bəjə	?	bəjə	bəjə	bee	bojə	bəjə
person_3	?	?	?	?	?	?	?	?	?	?	?	?	?	?	ilə	?	?	?	?	?
push_1	ana	ana	ana	ana	ana	ana	ana	ana	?	ana	anə	an	?	ana	ana	?	?	anu	ana	ana
push_2	?	?	?	?	?	?	?	?	?	?	?	?	tirə	?	?	?	?	?	?	?
river_1	bira	?	bʔæsa	?	bira	?	?	?	bira	bira	bira	?	bera	bira	bira	bira	bira	bira	beja	bera
river_2	mamŋə	?	?	maŋbo	?	mamgo	?	maŋgo	?	?	?	?	?	?	?	?	?	?	?	?
river_3	?	uli	uli	?	?	ola	?	?	ula	ula	ula	?	?	?	?	?	?	?	?	?
river_4	?	?	?	?	?	?	uni	one	?	?	?	?	?	?	?	?	?	?	?	?
river_5	?	?	?	?	?	?	?	?	?	?	?	okaːt	?	?	?	?	?	?	?	?
to_be_come_rotten_1	nia	ɲaː	ɲaː	ɲa	ɲakto	ɲæː	naː	ɲeː	?	nijakina	ja	?	?	?	?	?	?	?	ɲaː	?
to_be_come_rotten_2	?	?	?	?	?	?	?	?	?	?	?	mun	munu	munu	munu	munu	munu	mune	?	munu
round_1	murgi	?	?	?	murumuru	murgimərgi	morolisu	morolmorol	?	?	?	mereti	?	?	murumə	murume	muruːma	?	?	?
round_2	?	bonbolkaː	bomboligi	boŋalboŋalbiː	boŋgalkin	boŋgaboŋgabiː	?	?	?	?	?	buŋɲuka	baŋgal	?	?	?	?	?	?	?
round_3	?	?	?	?	?	?	?	?	muliə	muhəlijən	muxulin	?	?	?	muktsəmə	?	?	?	?	?
round_4	?	?	?	?	?	?	?	?	?	?	?	?	?	?	?	?	?	?	toŋgulikin	toŋgorin
sea_1	lamu	naːmu	namu	namo	lamu	lamo	namu	namo	?	namu	?	nam	namu	?	laːmu	?	?	lamu	laːm	?
sea_2	?	?	?	?	?	?	?	?	mədə	mədəri	mədərj	?	?	?	?	?	?	?	?	?
seed_1	usə	?	?	usə	usə	usə	?	usə	?	usə	uso	?	?	?	?	?	?	?	?	?
seed_2	?	tsəmə	cəmə	?	?	?	təmmə	?	?	?	?	tseːmine	?	?	tsəːmə	?	?	tseme	?	?
seed_3	?	?	?	?	?	?	?	iqtə	?	?	?	?	?	?	?	?	?	?	?	?
seed_4	?	?	?	?	?	?	?	?	?	?	?	ɲaŋta	?	niːntə	?	?	?	?	?	?
sharp_1	?	?	?	?	?	?	?	?	?	?	?	?	?	?	?	?	?	dʊltume	?	?
sharp_2	?	?	əməi	?	?	?	həmbəːru	?	?	?	?	emer	?	?	əmir	əmər	əmər	?	əməjigdi	əmər
sharp_3	dubə	?	?	?	?	?	?	?	?	?	duv	?	?	?	?	?	?	?	?	?
sharp_4	?	sabbi	?	sarbe	sarbi	sarbiː	?	?	?	?	?	?	ʃəbbiŋ	?	?	?	?	?	?	?
sharp_5	?	?	?	?	?	?	?	daːqawle	?	datsun	?	?	?	?	?	?	?	?	?	?
short_1	foholon	?	?	?	?	?	?	?	foholo	foholon	fœhulun	?	?	?	?	?	?	?	?	?
short_2	?	uːmi	umacʔa	hurmi	hurmi	hurmi	hurumi	hurmi	?	?	?	urumkun	uruŋkuhəŋ	urumkun	urum	urumkuːn	?	urumkun	ujumkuːn	urumkun
sing_1	dʒari	dʒari	?	dʒare	dʒari	dzari	?	?	?	?	?	?	?	?	?	?	?	?	?	?
sing_2	?	?	jəhəi	?	?	?	?	?	?	?	?	ike	?	?	ikəː	?	ikɒː	ike	iːhoː	?
sing_3	?	?	caŋala	?	?	?	?	?	?	?	?	?	dʒaːnda	?	?	?	?	?	?	dʒaːndaː
sing_4	?	?	?	?	?	?	jaːja	jaja	?	?	?	?	?	?	?	?	?	?	?	?
sing_5	?	?	?	?	?	?	?	?	utsulo	utsulə	utsulu	?	?	?	?	?	?	?	?	?
sing_6	?	?	?	?	?	?	?	?	?	?	?	?	?	dablaː	dawlaː	?	?	?	?	?
sky_1	huŋtsi	humpə	?	puːŋitsi	?	fuːmtsi	?	puːnsu	?	?	?	?	uːnʃi	?	?	?	?	?	?	?
sky_2	abka	?	?	?	apka	?	?	?	agua	abka	avqa	?	?	?	?	?	?	?	?	?
sky_3	?	ɲaŋɲa	ɲaŋɲa	?	?	?	naŋna	?	?	?	?	ɲaːɲin	nanna	naŋna	ɲaŋɲa	ɲaŋɲa	ɲaŋɲa	nʊŋnʊ	ɲaŋɲa	?
sky_4	?	bua	bua	boa	baː	baː	boː	baː	?	?	?	?	?	?	buga	?	?	?	?	buga
smell_1	?	?	ŋœsi	?	?	?	ŋoː	?	?	waŋkija	viŋkə	ŋoːsu	?	noːsu	ŋosuːkta	ŋoːhukta	ŋoːktə	ŋo	ŋoːsakta	ŋɔkɔ
smell_2	?	?	?	?	?	?	?	?	?	?	?	?	?	?	unŋu	?	?	?	uɲŋə	?
smell_3	huŋtsi	humpə	?	puːŋitsi	?	fuːmtsi	?	puːnsu	?	?	?	?	uːnʃi	?	?	?	?	?	?	?
smell_4	?	?	?	?	sərə	?	?	?	?	?	?	?	?	?	?	?	?	?	?	?
smooth_1	?	?	?	?	?	?	?	?	?	?	?	?	?	?	?	?	?	dutsama	?	?
smooth_2	?	nəiŋə	nəjgə	?	nəjgən	nəigə	?	nəjə	?	?	nətsin	?	?	?	?	?	?	?	nəskiː	?
smooth_3	nʉlhun	?	?	?	?	?	?	?	?	nilgijan	?	?	?	?	?	?	?	?	?	?
smooth_4	?	?	?	bildobildobiː	?	boldoboldobiː	buldum	boldobi	?	?	?	bulduti	bilduli	?	?	?	?	?	?	burtsurin
smooth_5	?	?	?	?	?	?	?	?	gitahun	?	?	?	?	?	?	?	?	?	?	?
smooth_6	?	?	?	?	?	?	?	?	?	?	?	?	?	?	nəptəmə	nəptəmə	nəptɒːlɒ	?	?	?
snow_1	?	?	?	?	?	?	?	?	?	?	?	?	?	?	luːɲe	?	?	?	luɲe	?
snow_2	imanə	imasa	ima	semata	emana	simana	simana	semata	imaŋgi	nimaŋgi	nimaŋ	imenre	imanda	imanda	imanna	?	?	?	emana	emana
snow_3	?	?	?	?	?	?	?	?	?	?	?	?	?	?	siŋilgən	hinilgən	hiŋilgən	siŋilgen	?	?
spit_1	?	?	?	?	?	?	?	?	?	?	?	tumni	tumin	timinuː	tumin	?	tumin	tumni	tomon	tumun
spit_2	tifələ	tupin	tundə	topen	tofina	tofila	tupin	tipun	?	tsifələ	tsivələ	?	?	?	?	?	?	?	?	?
stick_1	?	?	?	?	?	?	?	?	?	?	?	tsoːrlmi	?	?	?	?	?	?	?	?
stick_2	?	moː	moː	moː	moː	moː	moː	moː	?	moː	mo	?	mɔ	moː	?	mo	?	mo	moː	mukərə
stick_3	?	?	?	?	?	?	?	?	?	?	?	?	?	?	gara	?	?	?	?	?
straight_1	?	?	?	?	?	?	?	?	?	?	?	?	?	?	?	?	?	dʊpkitki	?	?
straight_2	?	?	?	?	?	?	?	?	?	?	?	ŋuːn	?	?	ŋuŋnə	?	?	?	?	?
straight_3	?	?	?	?	?	?	?	?	?	?	?	?	?	?	?	?	guruma	?	?	?
straight_4	tondu	toŋno	toŋdo	toŋdo	toŋno	toŋgdo	toŋdo	toŋdo	?	tondo	tondoqun	?	tɔndɔhuŋ	?	?	?	?	?	?	?
swell_1	?	?	?	puktse	?	?	puɣju	pukte	?	?	?	?	?	?	?	?	?	?	?	?
swell_2	?	auli	auli	haolo	haolo	haola	haulu	χawlo	?	aibi	?	?	?	?	?	?	?	?	a	əwul
swell_3	?	?	?	?	?	?	?	?	?	hukʃu	?	hoːsken	?	?	?	?	?	?	?	?
swell_4	?	?	?	?	?	?	?	?	?	kubsurə	?	?	?	kuːp	kəpə	?	?	huv	?	?
swell_5	?	?	?	?	?	?	?	?	?	?	madə	?	mada	?	?	?	?	?	?	?
swim_1	əlbtsi	?	əgbiəne	?	?	?	?	?	?	əbiʃə	əvsə	?	əlbəʃiː	əːlbiː	əlbəs	?	əlbəskɒːt	elbesket	əlbos	əlbi
swim_2	?	tisa	?	?	?	?	?	?	?	?	?	tian	?	?	?	?	tiha	?	tesa	?
swim_3	?	?	?	paore	faori	faori	pauri	pawro	?	?	?	?	?	?	?	?	?	?	?	?
they_1	tigurun	?	?	?	?	?	?	?	?	?	?	?	?	?	?	?	?	?	?	?
they_2	?	nuŋa	nuati	ɲoancasetsi	ɲoati	ɲaːtsiɲaːn	noːcasetsi	naːte	?	?	?	noŋartan	?	nugar	noːrtjn	nuŋartin	nuŋartin	nuŋartun	noŋatil	nugarcaseten
they_3	?	?	?	?	?	?	?	?	?	təsə	təs	?	talur	?	?	?	?	?	?	?
they_4	?	?	?	?	?	?	?	?	?	?	əs	?	?	?	?	?	?	?	?	?
think_1	?	?	?	?	?	?	?	?	?	?	?	?	?	?	?	?	?	dʊlda	?	?
think_2	goni	?	?	?	?	?	?	?	?	guːni	?	?	?	?	guntsə	?	?	?	?	?
think_3	?	məitsi	mejsi	murtsi	mudʒilə	mudilə	moro	murutsu	?	?	?	muːlgats	?	?	?	?	?	?	?	?
think_4	?	?	?	?	?	?	?	?	?	?	?	?	?	?	?	?	?	?	gəlbiː	?
tree_1	?	?	?	?	?	?	?	?	?	?	helin	?	?	?	?	?	?	?	?	?
tree_2	mo	moː	moː	moː	moː	moː	moː	moː	mo	moː	?	moː	mɔ	moː	moː	mo	moː	mo	moː	mɔː
true_1	tədʒə	tsidʒə	cədʒə	tədʒə	tədʒə	tədzə	tədə	tədʒə	?	?	?	tedʒ	tədʒi	?	tədʒəː	tədʒə	tədʒə	tede	tədʒoː	tədʒəː
true_2	?	?	?	?	?	?	?	?	?	jargijan	jərxin	?	?	?	?	?	?	?	?	?
turn_1	?	kəndəli	?	?	?	kəndəldə	?	?	?	?	?	?	?	?	?	?	?	?	?	?
turn_2	?	?	hugiwana	?	?	?	?	?	?	?	?	?	?	?	hukusin	?	?	?	huguksin	?
turn_3	?	?	?	kətsəriwəːn	kəgərigiukən	?	?	?	?	?	?	?	?	?	?	?	?	?	?	?
turn_4	?	?	?	?	?	?	hərəli	hərən	?	?	?	?	?	?	?	?	?	horolivkanmi	?	?
turn_5	?	?	?	?	?	?	?	?	?	torho	tœrxu	?	?	?	?	?	?	?	?	?
turn_6	?	?	?	?	?	?	?	?	?	?	?	mutsul	?	?	?	?	?	?	?	?
turn_7	?	?	?	?	?	?	?	?	?	?	?	?	huntə	?	?	?	?	?	?	?
turn_8	?	?	?	?	?	?	?	?	?	?	?	?	?	?	?	?	?	?	?	tsəkər
vomit_1	isətsi	isiə	iə	husə	?	husə	husə	husə	?	?	?	is	iʃiri	isəriː	isə	ihə	?	aj	isə	iʃimkit
vomit_2	?	?	?	?	?	?	?	?	?	fuda	?	?	?	?	?	?	?	?	?	?
vomit_3	?	?	?	?	?	?	?	?	?	dʒuru	dʒuru	?	?	?	?	?	?	?	?	?
walk_1	?	?	?	?	?	?	?	?	?	?	?	?	?	?	?	?	?	haval	?	?
walk_2	huli	huli	huli	?	?	fuli	puli	pulmə	fulu	fəlijə	?	?	?	uli	?	?	?	?	?	?
walk_3	?	?	?	duərə	duərə	?	?	duərə	?	?	?	?	?	?	?	?	?	?	?	?
walk_4	?	?	?	?	?	?	?	?	?	?	?	girka	?	?	gerku	girku	girkuː	?	geːhu	geraːn
walk_5	?	?	?	?	?	?	?	?	?	?	?	?	jɔːhɔlɔ	?	?	?	?	?	?	?
walk_6	?	?	?	?	?	?	?	?	?	?	javə	?	?	?	?	?	?	?	?	?
1PL_1	bu	bu	bu	buəbun	muː	buː	buːmumbeː	buː	?	bə	bo	buː	bu	buː	buː	buː	buː	buː	bu	buː
1PL_2	bəti	biti	minti	?	?	?	?	?	?	?	məs	mut	mit	miti	mit	mit	mut	mit	bittə	mitiː
when_1	?	?	?	?	?	?	?	?	?	?	etiŋ	?	?	?	?	?	?	?	?	?
when_2	?	?	?	?	?	?	?	?	?	?	?	oːk	?	?	oːkin	oːkin	oːkin	okin	oːkin	?
when_3	iamaərin	aːli	ali	haːle	ali	haːli	haːli	χaːle	?	aiərində	?	?	aːl	aːli	?	?	?	?	?	aːle
with_1	dʒi	dʒi	dʒi	dʒi	dʒi	di	?	dʒe	?	?	?	?	dʒi	dziː	?	?	?	?	dʒi	dʒe
with_2	?	?	?	?	?	?	ndo	?	?	?	?	?	?	?	?	?	?	?	?	?
with_3	?	?	?	?	?	?	?	?	?	əmgi	?	?	?	?	?	?	?	?	?	?
with_4	?	?	?	?	?	?	?	?	?	?	maq	?	?	?	?	?	?	?	?	?
with_5	?	?	?	?	?	?	?	?	?	?	?	ɲun	?	?	?	?	?	nun	?	?
with_6	?	?	?	?	?	?	?	?	?	?	?	tsil	?	ciː	t	?	?	?	?	?
worm_1	səfərin	?	?	?	?	?	?	?	?	?	?	?	?	?	?	?	?	?	?	?
worm_2	?	siliktə	?	?	?	?	siliktə	selaqta	?	?	?	?	?	?	?	?	?	?	?	?
worm_3	?	?	wəː	?	?	?	?	?	?	?	?	?	?	?	uːrəː	uːrɵ	?	?	?	?
worm_4	?	?	?	pəːntə	?	?	?	?	?	?	?	?	?	?	?	?	?	?	?	?
worm_5	?	?	?	?	bətə	bəːtə	?	?	?	bətən	?	?	məːtt	?	?	?	?	?	?	?
worm_6	?	?	?	?	?	?	?	?	?	?	tsʉsan	?	?	?	?	?	?	?	?	?
worm_7	?	?	?	?	?	?	?	?	?	?	?	hilmagan	?	?	?	?	?	?	?	?
worm_8	?	?	kuligasʔa	?	?	?	koleː	?	?	?	?	?	?	kulikan	kulikaːn	?	kulikaːn	kulikan	kolihaːn	kulekaːn
yellow_1	sujan	soːgdʒo	sogdʒo	soːgdʒon	sojan	soja	soːgdo	soːgdʒo	sujan	suwajan	sujan	?	?	?	?	?	?	?	?	?
yellow_2	?	?	?	?	?	?	?	?	?	?	?	tsuːruɲa	?	?	?	?	?	?	?	?
yellow_3	?	?	?	?	?	?	?	?	?	?	?	?	ʃiŋa	?	siŋama	hiŋama	?	siŋarin	seŋajiːn	ʃeŋaren
yellow_4	?	?	?	?	?	?	?	?	?	sirabor	?	?	?	?	?	?	?	?	?	?
2PL_1	su	su	suː	suəsun	suː	suː	suːsumbeː	suː	?	suwə	so	huː	ʃu	suː	suː	huː	huː	su	suː	ʃuː
